Workbook
Name suraj: Summary!$D$5:$D$12

Sheet Summary
B2: Source Data | I2: For practice
B4: Item List | C4: Price | D4: Delivery By | E4: Delivery Fee | I4: Item List | J4: Price | K4: Delivery By
B5: Computer | C5: 950 | D5: Truck | E5: 100 | I5: Computer | J5: 950 | K5: {=D5:D12} -> Truck
B6: Printer | C6: 800 | D6: Air | E6: 150 | I6: Printer | J6: 800 | K6: Air
B7: IPS | C7: 350 | D7: Rail | E7: 50 | I7: IPS | J7: 350 | K7: Rail
B8: Battery | C8: 550 | D8: Truck | E8: 100 | I8: Battery | J8: 550 | K8: Truck
B9: Paper | C9: 499 | D9: Ship | E9: 80 | I9: Paper | J9: 499 | K9: Ship
B10: Electric Fan | C10: 150 | D10: Ship | E10: 80 | I10: Electric Fan | J10: 150 | K10: Ship
B11: Blender | C11: 350 | D11: Rail | E11: 50 | I11: Blender | J11: 350 | K11: Rail
B12: AC | C12: 270 | D12: Air | E12: 150 | I12: AC | J12: 270 | K12: Air

Sheet Single
B2: Using Equal (=) Sign for Single Cell | I2: For practice
B4: Item List | C4: Price | D4: Delivery By | I4: Item List | J4: Price | K4: Delivery By
B5: Computer | C5: 950 | D5: =Summary!D5 -> Truck | I5: Computer | J5: 950 | K5: {=_xlfn.ANCHORARRAY(Summary!K5)} -> Truck
B6: Printer | C6: 800 | D6: =Summary!D6 -> Air | I6: Printer | J6: 800 | K6: Air
B7: IPS | C7: 350 | I7: IPS | J7: 350 | K7: Rail
B8: Battery | C8: 550 | I8: Battery | J8: 550 | K8: Truck
B9: Paper | C9: 499 | I9: Paper | J9: 499 | K9: Ship
B10: Electric Fan | C10: 150 | I10: Electric Fan | J10: 150 | K10: Ship
B11: Blender | C11: 350 | I11: Blender | J11: 350 | K11: Rail
B12: AC | C12: 270 | I12: AC | J12: 270 | K12: Air

Sheet Multiple
B2: Using Equal (=) Sign for Multiple Cells | I2: For practice
B4: Item List | C4: Price | D4: Delivery By | I4: Item List | J4: Price | K4: Delivery By
B5: Computer | C5: 950 | D5: {=Summary!D5:D12} -> Truck | I5: Computer | J5: 950 | K5: {=Summary!D5:D12} -> Truck
B6: Printer | C6: 800 | D6: Air | I6: Printer | J6: 800 | K6: Air
B7: IPS | C7: 350 | D7: Rail | I7: IPS | J7: 350 | K7: Rail
B8: Battery | C8: 550 | D8: Truck | I8: Battery | J8: 550 | K8: Truck
B9: Paper | C9: 499 | D9: Ship | I9: Paper | J9: 499 | K9: Ship
B10: Electric Fan | C10: 150 | D10: Ship | I10: Electric Fan | J10: 150 | K10: Ship
B11: Blender | C11: 350 | D11: Rail | I11: Blender | J11: 350 | K11: Rail
B12: AC | C12: 270 | D12: Air | I12: AC | J12: 270 | K12: Air

Sheet Paste Link
B2: Using Copy and Paste Link Commands | I2: For practice
B4: Item List | C4: Price | D4: Delivery By | I4: Item List | J4: Price | K4: Delivery By
B5: Computer | C5: 950 | D5: =Summary!D5 -> Truck | I5: Computer | J5: 950 | K5: =Summary!D5 -> Truck
B6: Printer | C6: 800 | D6: =Summary!D6 -> Air | I6: Printer | J6: 800 | K6: =Summary!D6 -> Air
B7: IPS | C7: 350 | D7: =Summary!D7 -> Rail | I7: IPS | J7: 350 | K7: =Summary!D7 -> Rail
B8: Battery | C8: 550 | D8: =Summary!D8 -> Truck | I8: Battery | J8: 550 | K8: =Summary!D8 -> Truck
B9: Paper | C9: 499 | D9: =Summary!D9 -> Ship | I9: Paper | J9: 499 | K9: =Summary!D9 -> Ship
B10: Electric Fan | C10: 150 | D10: =Summary!D10 -> Ship | I10: Electric Fan | J10: 150 | K10: =Summary!D10 -> Ship
B11: Blender | C11: 350 | D11: =Summary!D11 -> Rail | I11: Blender | J11: 350 | K11: =Summary!D11 -> Rail
B12: AC | C12: 270 | D12: =Summary!D12 -> Air | I12: AC | J12: 270 | K12: =Summary!D12 -> Air

Sheet Named
B2: Using Named Range | I2: For practice
B4: Item List | C4: Price | D4: Delivery By | I4: Item List | J4: Price | K4: Delivery By
B5: Computer | C5: 950 | D5: {=suraj} -> Truck | I5: Computer | J5: 950 | K5: {=suraj} -> Truck
B6: Printer | C6: 800 | D6: Air | I6: Printer | J6: 800 | K6: Air
B7: IPS | C7: 350 | D7: Rail | I7: IPS | J7: 350 | K7: Rail
B8: Battery | C8: 550 | D8: Truck | I8: Battery | J8: 550 | K8: Truck
B9: Paper | C9: 499 | D9: Ship | I9: Paper | J9: 499 | K9: Ship
B10: Electric Fan | C10: 150 | D10: Ship | I10: Electric Fan | J10: 150 | K10: Ship
B11: Blender | C11: 350 | D11: Rail | I11: Blender | J11: 350 | K11: Rail
B12: AC | C12: 270 | D12: Air | I12: AC | J12: 270 | K12: Air

Sheet Multiple Sum
B2: Using Plus (+) Sign to Sum Multiple Links | I2: For practice
B4: Item List | C4: Total Price | D4: Delivery By | I4: Item List | J4: Price | K4: Delivery By
B5: Computer | C5: =Summary!C5+Summary!E5 -> 1050 | D5: Truck | I5: Computer | J5: 950 | K5: {=D5:D12} -> Truck
B6: Printer | C6: =Summary!C6+Summary!E6 -> 950 | D6: Air | I6: Printer | J6: 800 | K6: Air
B7: IPS | C7: =Summary!C7+Summary!E7 -> 400 | D7: Rail | I7: IPS | J7: 350 | K7: Rail
B8: Battery | C8: =Summary!C8+Summary!E8 -> 650 | D8: Truck | I8: Battery | J8: 550 | K8: Truck
B9: Paper | C9: =Summary!C9+Summary!E9 -> 579 | D9: Ship | I9: Paper | J9: 499 | K9: Ship
B10: Electric Fan | C10: =Summary!C10+Summary!E10 -> 230 | D10: Ship | I10: Electric Fan | J10: 150 | K10: Ship
B11: Blender | C11: =Summary!C11+Summary!E11 -> 400 | D11: Rail | I11: Blender | J11: 350 | K11: Rail
B12: AC | C12: =Summary!C12+Summary!E12 -> 420 | D12: Air | I12: AC | J12: 270 | K12: Air

Sheet SUM
B2: Using SUM Function | I2: For practice
B4: Item List | C4: Price | D4: Delivery By | I4: Item List | J4: Price | K4: Delivery By
B5: Computer | C5: =Summary!C5+Summary!E5 -> 1050 | D5: Truck | I5: Computer | J5: 950 | K5: =Summary!C5+Summary!E5 -> 1050
B6: Printer | C6: =Summary!C6+Summary!E6 -> 950 | D6: Air | I6: Printer | J6: 800 | K6: =Summary!C6+Summary!E6 -> 950
B7: IPS | C7: =Summary!C7+Summary!E7 -> 400 | D7: Rail | I7: IPS | J7: 350 | K7: =Summary!C7+Summary!E7 -> 400
B8: Battery | C8: =Summary!C8+Summary!E8 -> 650 | D8: Truck | I8: Battery | J8: 550 | K8: =Summary!C8+Summary!E8 -> 650
B9: Paper | C9: =Summary!C9+Summary!E9 -> 579 | D9: Ship | I9: Paper | J9: 499 | K9: =Summary!C9+Summary!E9 -> 579
B10: Electric Fan | C10: =Summary!C10+Summary!E10 -> 230 | D10: Ship | I10: Electric Fan | J10: 150 | K10: =Summary!C10+Summary!E10 -> 230
B11: Blender | C11: =Summary!C11+Summary!E11 -> 400 | D11: Rail | I11: Blender | J11: 350 | K11: =Summary!C11+Summary!E11 -> 400
B12: AC | C12: =Summary!C12+Summary!E12 -> 420 | D12: Air | I12: AC | J12: 270 | K12: =Summary!C12+Summary!E12 -> 420

Sheet Index
B2: Index Page
B4: Select Quarter | C4: Total Revenue
B5: Q1 | C5: Quarter 1'!A1
B6: Q2 | C6: Quarter 2'!A1
B7: Q3 | C7: Quarter 3'!A1
B8: Q4 | C8: Quarter 4'!A1

Sheet Quarter 1
B2: Sales Statement of Quarter 1 | I2: For Practice
B4: Sales Rep | C4: Region | D4: Sales | I4: Sales Rep | J4: Region | K4: Sales
B5: Samuel Jhonson | C5: East | D5: 61371 | I5: Samuel Jhonson | J5: East | K5: 61371
B6: John Mark | C6: West | D6: 72568 | I6: John Mark | J6: West | K6: 72568
B7: David Copper | C7: North | D7: 60068 | I7: David Copper | J7: North | K7: 60068
B8: David Potter | C8: South | D8: 50424 | I8: David Potter | J8: South | K8: 50424
B9: Jacob Anny | C9: East | D9: 59485 | I9: Jacob Anny | J9: East | K9: 59485
B10: Oscar Teddy | C10: West | D10: 70416 | I10: Oscar Teddy | J10: West | K10: 70416
B11: John Theodore | C11: North | D11: 77187 | I11: John Theodore | J11: North | K11: 77187
B12: Oliver Charlie | C12: South | D12: 61602 | I12: Oliver Charlie | J12: South | K12: 61602
B13: Oscar Teddy | C13: East | D13: 58911 | I13: Oscar Teddy | J13: East | K13: 58911
B14: Charlie Dalton | C14: West | D14: 78408 | I14: Charlie Dalton | J14: West | K14: 78408
B16: Total Revenue Earned | D16: =SUM(D5:D14) -> 650440 | I16: Total Revenue Earned | K16: =SUM(K5:K14) -> 650440

Sheet Quarter 2
B2: Sales Statement of Quarter 2 | I2: For Practice
B4: Sales Rep | C4: Region | D4: Sales | I4: Sales Rep | J4: Region | K4: Sales
B5: Samuel Jhonson | C5: East | D5: 50000 | I5: Samuel Jhonson | J5: East | K5: 61371
B6: John Mark | C6: West | D6: 30000 | I6: John Mark | J6: West | K6: 72568
B7: David Copper | C7: North | D7: 60068 | I7: David Copper | J7: North | K7: 60068
B8: David Potter | C8: South | D8: 50424 | I8: David Potter | J8: South | K8: 50424
B9: Jacob Anny | C9: East | D9: 59485 | I9: Jacob Anny | J9: East | K9: 59485
B10: Oscar Teddy | C10: West | D10: 70416 | I10: Oscar Teddy | J10: West | K10: 70416
B11: John Theodore | C11: North | D11: 77187 | I11: John Theodore | J11: North | K11: 77187
B12: Oliver Charlie | C12: South | D12: 61602 | I12: Oliver Charlie | J12: South | K12: 61602
B13: Oscar Teddy | C13: East | D13: 58911 | I13: Oscar Teddy | J13: East | K13: 58911
B14: Charlie Dalton | C14: West | D14: 78408 | I14: Charlie Dalton | J14: West | K14: 78408
B16: Total Revenue Earned | D16: =SUM(D5:D14) -> 596501 | I16: Total Revenue Earned | K16: =SUM(K5:K14) -> 650440

Sheet Quarter 3
B2: Sales Statement of Quarter 3 | I2: For Practice
B4: Sales Rep | C4: Region | D4: Sales | I4: Sales Rep | J4: Region | K4: Sales
B5: Samuel Jhonson | C5: East | D5: 80000 | I5: Samuel Jhonson | J5: East | K5: 61371
B6: John Mark | C6: West | D6: 30000 | I6: John Mark | J6: West | K6: 72568
B7: David Copper | C7: North | D7: 60068 | I7: David Copper | J7: North | K7: 60068
B8: David Potter | C8: South | D8: 50424 | I8: David Potter | J8: South | K8: 50424
B9: Jacob Anny | C9: East | D9: 59485 | I9: Jacob Anny | J9: East | K9: 59485
B10: Oscar Teddy | C10: West | D10: 70416 | I10: Oscar Teddy | J10: West | K10: 70416
B11: John Theodore | C11: North | D11: 77187 | I11: John Theodore | J11: North | K11: 77187
B12: Oliver Charlie | C12: South | D12: 61602 | I12: Oliver Charlie | J12: South | K12: 61602
B13: Oscar Teddy | C13: East | D13: 58911 | I13: Oscar Teddy | J13: East | K13: 58911
B14: Charlie Dalton | C14: West | D14: 78408 | I14: Charlie Dalton | J14: West | K14: 78408
B16: Total Revenue Earned | D16: =SUM(D5:D14) -> 626501 | I16: Total Revenue Earned | K16: =SUM(K5:K14) -> 650440

Sheet Quarter 4
B2: Sales Statement of Quarter 4 | I2: For Practice
B4: Sales Rep | C4: Region | D4: Sales | I4: Sales Rep | J4: Region | K4: Sales
B5: Samuel Jhonson | C5: East | D5: 90000 | I5: Samuel Jhonson | J5: East | K5: 61371
B6: John Mark | C6: West | D6: 40000 | I6: John Mark | J6: West | K6: 72568
B7: David Copper | C7: North | D7: 50000 | I7: David Copper | J7: North | K7: 60068
B8: David Potter | C8: South | D8: 50424 | I8: David Potter | J8: South | K8: 50424
B9: Jacob Anny | C9: East | D9: 59485 | I9: Jacob Anny | J9: East | K9: 59485
B10: Oscar Teddy | C10: West | D10: 70416 | I10: Oscar Teddy | J10: West | K10: 70416
B11: John Theodore | C11: North | D11: 77187 | I11: John Theodore | J11: North | K11: 77187
B12: Oliver Charlie | C12: South | D12: 61602 | I12: Oliver Charlie | J12: South | K12: 61602
B13: Oscar Teddy | C13: East | D13: 58911 | I13: Oscar Teddy | J13: East | K13: 58911
B14: Charlie Dalton | C14: West | D14: 78408 | I14: Charlie Dalton | J14: West | K14: 78408
B16: Total Revenue Earned | D16: =SUM(D5:D14) -> 636433 | I16: Total Revenue Earned | K16: =SUM(K5:K14) -> 650440

Sheet New File
B2: Creating Link to a New File | I2: For practice
B4: Item List | C4: Price | D4: Delivery By | I4: Item List | J4: Price | K4: Delivery By
B5: Computer | C5: 950 | D5: Advanced-Sorting | I5: Computer | J5: 950 | K5: {=D5:D12} -> Advanced-Sorting
B6: Printer | C6: 800 | D6: 5. Lookup.xlsx | I6: Printer | J6: 800 | K6: 5. Lookup.xlsx
B7: IPS | C7: 350 | D7: 4. Linking-in-Excel.xlsx | I7: IPS | J7: 350 | K7: 4. Linking-in-Excel.xlsx
B8: Battery | C8: 550 | D8: Basic.xlsx | I8: Battery | J8: 550 | K8: Basic.xlsx
B9: Paper | C9: 499 | D9: 8.1 Pivot-Table-Final.xlsx | I9: Paper | J9: 499 | K9: 8.1 Pivot-Table-Final.xlsx
B10: Electric Fan | C10: 150 | D10: Excel_Text_Date_ | I10: Electric Fan | J10: 150 | K10: Excel_Text_Date_
B11: Blender | C11: 350 | D11: Excel Assignment | I11: Blender | J11: 350 | K11: Excel Assignment
B12: AC | C12: 270 | D12: Excel Dataset_Dmart.xlsx | I12: AC | J12: 270 | K12: Excel Dataset_Dmart.xlsx

Sheet Web Page
B2: Linking Web Pages | I2: For Practice
B4: Web Page | C4: File Name | D4: Web Link | I4: Web Page | J4: File Name | K4: Delivery By
I5: Exceldemy | J5: https://www.exceldemy.com
B6: Google | C6: https://www.google.com | I6: Google | J6: https://www.google.com | K6: =HYPERLINK(J6,I6) -> Google
B7: Microsoft | C7: https://www.microsoft.com | I7: Microsoft | J7: https://www.microsoft.com | K7: =HYPERLINK(J7,I7) -> Microsoft

Sheet Image File
B2: Linking Image File | I2: For practice
B4: Item List | C4: Price | D4: Image Link | I4: Item List | J4: Price | K4: Delivery By
B5: Computer | C5: 950 | I5: Computer | J5: 950
B6: Printer | C6: 800 | I6: Printer | J6: 800
B7: IPS | C7: 350 | I7: IPS | J7: 350
B8: Battery | C8: 550 | I8: Battery | J8: 550
B9: Paper | C9: 499 | I9: Paper | J9: 499
B10: Electric Fan | C10: 150 | I10: Electric Fan | J10: 150
B11: Blender | C11: 350 | I11: Blender | J11: 350
B12: AC | C12: 270 | I12: AC | J12: 270

Sheet Email
B2: Linking Image File | I2: For practice
B4: Item List | C4: Price | D4: Mail To | I4: Item List | J4: Price | K4: Delivery By
B5: Computer | C5: 950 | I5: Computer | J5: 950
B6: Printer | C6: 800 | I6: Printer | J6: 800
B7: IPS | C7: 350 | I7: IPS | J7: 350
B8: Battery | C8: 550 | I8: Battery | J8: 550
B9: Paper | C9: 499 | I9: Paper | J9: 499
B10: Electric Fan | C10: 150 | I10: Electric Fan | J10: 150
B11: Blender | C11: 350 | I11: Blender | J11: 350
B12: AC | C12: 270 | I12: AC | J12: 270

Sheet Link Destination
B2: Changing Link Text & Graphic | I2: For practice
B4: Web Page | C4: File Name | D4: Web Link | I4: Item List | J4: Price | K4: Delivery By
B5: Exceldemy | C5: https://www.exceldemy.com | I5: Computer | J5: 950
B6: Google | C6: https://www.google.com | I6: Printer | J6: 800
B7: Microsoft | C7: https://www.microsoft.com | I7: IPS | J7: 350

Sheet Modify
B2: Modifying Links for Error Handling | I2: For practice
B4: Item List | C4: Price | D4: Details | I4: Item List | J4: Price | K4: Delivery By
B5: Computer | C5: 950 | D5: Computer | I5: Computer | J5: 950
B6: Printer | C6: 800 | D6: Printer | I6: Printer | J6: 800
B7: IPS | C7: 350 | D7: IPS | I7: IPS | J7: 350
B8: Battery | C8: 550 | D8: Battery | I8: Battery | J8: 550
B9: Paper | C9: 499 | D9: Paper | I9: Paper | J9: 499
B10: Electric Fan | C10: 150 | D10: Electric Fan | I10: Electric Fan | J10: 150
B11: Blender | C11: 350 | D11: Blender | I11: Blender | J11: 350
B12: AC | C12: 270 | D12: AC | I12: AC | J12: 270

Sheet external linking
