Workbook
Name Pay: 'Basic Pay'!$D$5:$D$14
Name HR: HRA!$D$5:$D$14
Name DA: DA!$D$5:$D$14

Sheet Basic Pay
B3: Basic Pay of the Employees
B4: Emp_ID | C4: Emp_Name | D4: Emp_Basic_Pay | E4: Gross Salary
B5: 5001 | C5: Sandy | D5: 4500 | E5: {=Pay+DA+HR} -> 7560
B6: 5003 | C6: Sam | D6: 2500 | E6: 4200
B7: 5098 | C7: Peter | D7: 4500 | E7: 7560
B8: 5689 | C8: Bobby | D8: 3200 | E8: 5376
B9: 5764 | C9: John | D9: 1223 | E9: 2054.64
B10: 5091 | C10: Rita | D10: 7890 | E10: 13255.2
B11: 5673 | C11: Rozy | D11: 6500 | E11: 10920
B12: 5901 | C12: Rozita | D12: 5479 | E12: 9204.72
B13: 5764 | C13: Andre | D13: 3456 | E13: 5806.08
B14: 5555 | C14: Rocher | D14: 1200 | E14: 2016

Sheet HRA
B3: HRA of the Employees
B4: Emp_ID | C4: Emp_Name | D4: Emp_HRA
B5: 5001 | C5: Sandy | D5: =('Basic Pay'!D5+DA!D5)*50% -> 2520
B6: 5003 | C6: Sam | D6: =('Basic Pay'!D6+DA!D6)*50% -> 1400
B7: 5098 | C7: Peter | D7: =('Basic Pay'!D7+DA!D7)*50% -> 2520
B8: 5689 | C8: Bobby | D8: =('Basic Pay'!D8+DA!D8)*50% -> 1792
B9: 5764 | C9: John | D9: =('Basic Pay'!D9+DA!D9)*50% -> 684.88
B10: 5091 | C10: Rita | D10: =('Basic Pay'!D10+DA!D10)*50% -> 4418.4
B11: 5673 | C11: Rozy | D11: =('Basic Pay'!D11+DA!D11)*50% -> 3640
B12: 5901 | C12: Rozita | D12: =('Basic Pay'!D12+DA!D12)*50% -> 3068.24
B13: 5764 | C13: Andre | D13: =('Basic Pay'!D13+DA!D13)*50% -> 1935.36
B14: 5555 | C14: Rocher | D14: =('Basic Pay'!D14+DA!D14)*50% -> 672

Sheet DA
B3: DA of the Employees
B4: Emp_ID | C4: Emp_Name | D4: Emp_DA
B5: 5001 | C5: Sandy | D5: ='Basic Pay'!D5*12% -> 540
B6: 5003 | C6: Sam | D6: ='Basic Pay'!D6*12% -> 300
B7: 5098 | C7: Peter | D7: ='Basic Pay'!D7*12% -> 540
B8: 5689 | C8: Bobby | D8: ='Basic Pay'!D8*12% -> 384
B9: 5764 | C9: John | D9: ='Basic Pay'!D9*12% -> 146.76
B10: 5091 | C10: Rita | D10: ='Basic Pay'!D10*12% -> 946.8
B11: 5673 | C11: Rozy | D11: ='Basic Pay'!D11*12% -> 780
B12: 5901 | C12: Rozita | D12: ='Basic Pay'!D12*12% -> 657.48
B13: 5764 | C13: Andre | D13: ='Basic Pay'!D13*12% -> 414.72
B14: 5555 | C14: Rocher | D14: ='Basic Pay'!D14*12% -> 144
