Workbook
Name HELLO: _xlfn.LAMBDA(_xlpm.name,_xldudf_BOARDFLARE_EXEC("hello",_xlpm.name))

Sheet 📋 Employee Dataset
A1: 🏢 Employee Dataset — Use this data across all practice sheets
A2: Emp ID | B2: Name | C2: Department | D2: Age | E2: Salary | F2: Years Exp | G2: Performance | H2: Region | I2: Gender | J2: Bonus % | K2: Projects Done | L2: Active?
A3: E001 | B3: Alice Johnson | C3: HR | D3: 34 | E3: 62000 | F3: 6 | G3: Excellent | H3: North | I3: F | J3: 12 | K3: 8 | L3: Yes
A4: E002 | B4: Bob Smith | C4: IT | D4: 28 | E4: 75000 | F4: 4 | G4: Good | H4: South | I4: M | J4: 10 | K4: 12 | L4: Yes
A5: E003 | B5: Carol White | C5: Finance | D5: 45 | E5: 90000 | F5: 18 | G5: Excellent | H5: East | I5: F | J5: 15 | K5: 20 | L5: Yes
A6: E004 | B6: David Brown | C6: IT | D6: 31 | E6: 71000 | F6: 7 | G6: Average | H6: West | I6: M | J6: 8 | K6: 9 | L6: Yes
A7: E005 | B7: Eva Green | C7: Marketing | D7: 26 | E7: 55000 | F7: 3 | G7: Good | H7: North | I7: F | J7: 10 | K7: 6 | L7: Yes
A8: E006 | B8: Frank Lee | C8: HR | D8: 52 | E8: 68000 | F8: 22 | G8: Average | H8: South | I8: M | J8: 8 | K8: 15 | L8: No
A9: E007 | B9: Grace Kim | C9: Finance | D9: 38 | E9: 95000 | F9: 14 | G9: Excellent | H9: East | I9: F | J9: 15 | K9: 22 | L9: Yes
A10: E008 | B10: Henry Davis | C10: IT | D10: 23 | E10: 58000 | F10: 1 | G10: Good | H10: West | I10: M | J10: 10 | K10: 5 | L10: Yes
A11: E009 | B11: Isla Martin | C11: Marketing | D11: 41 | E11: 72000 | F11: 12 | G11: Excellent | H11: North | I11: F | J11: 12 | K11: 18 | L11: Yes
A12: E010 | B12: Jack Wilson | C12: Finance | D12: 29 | E12: 80000 | F12: 5 | G12: Average | H12: South | I12: M | J12: 8 | K12: 10 | L12: Yes
A13: E011 | B13: Karen Taylor | C13: IT | D13: 36 | E13: 82000 | F13: 10 | G13: Good | H13: East | I13: F | J13: 10 | K13: 14 | L13: No
A14: E012 | B14: Liam Moore | C14: HR | D14: 48 | E14: 63000 | F14: 20 | G14: Average | H14: West | I14: M | J14: 8 | K14: 11 | L14: Yes
... A27: E025 | B27: Yara Hill | C27: IT | D27: 29 | E27: 73000 | F27: 4 | G27: Good | H27: North | I27: F | J27: 10 | K27: 8 | L27: Yes

Sheet 🔀 IF Function
A1: 🔀 IF Function — Syntax: =IF(logical_test, value_if_true, value_if_false)
A2: 📌 The IF function checks a condition and returns one value if TRUE, another if FALSE. It is the foundation of all logical functions in Excel.
A3: Emp ID | B3: Name | C3: Salary | D3: Age | E3: Years Exp | F3: Senior? (IF) | G3: Bonus Category | H3: Performance Tag
A4: E001 | B4: Alice Johnson | C4: 62000 | D4: 34 | E4: 6 | F4: {=IF(E4:E28>10,"senior","Junior")} -> Junior | G4: {=IF(C4:C28>80000,"Highe","Standar Bonus")} -> Standar Bonus | H4: {=_xlfn.IFS(F4="senior","top performer",F4="Junior","Regular")} -> Regular
A5: E002 | B5: Bob Smith | C5: 75000 | D5: 28 | E5: 4 | F5: Junior | G5: Standar Bonus | H5: {=_xlfn.IFS(F5="senior","top performer",F5="Junior","Regular")} -> Regular
A6: E003 | B6: Carol White | C6: 90000 | D6: 45 | E6: 18 | F6: senior | G6: Highe | H6: {=_xlfn.IFS(F6="senior","top performer",F6="Junior","Regular")} -> top performer | J6: Senior? (IF) | K6: classify employees as "Senior" if their experience (column E) is 10 years or more, otherwise label them "Junior"
A7: E004 | B7: David Brown | C7: 71000 | D7: 31 | E7: 7 | F7: Junior | G7: Standar Bonus | H7: {=_xlfn.IFS(F7="senior","top performer",F7="Junior","Regular")} -> Regular
A8: E005 | B8: Eva Green | C8: 55000 | D8: 26 | E8: 3 | F8: Junior | G8: Standar Bonus | H8: {=_xlfn.IFS(F8="senior","top performer",F8="Junior","Regular")} -> Regular | J8: Bonus Category | K8: determine the bonus category.If an employee's salary (column C) is 80,000 or more, return "High Bonus", otherwise return "Standard Bonus"
A9: E006 | B9: Frank Lee | C9: 68000 | D9: 52 | E9: 22 | F9: senior | G9: Standar Bonus | H9: {=_xlfn.IFS(F9="senior","top performer",F9="Junior","Regular")} -> top performer
A10: E007 | B10: Grace Kim | C10: 95000 | D10: 38 | E10: 14 | F10: senior | G10: Highe | H10: {=_xlfn.IFS(F10="senior","top performer",F10="Junior","Regular")} -> top performer | J10: Performance Tag | K10: In column H, categorize employees as: "Top Performer" if their designation in column F is Senior,Otherwise return "Regular".
A11: E008 | B11: Henry Davis | C11: 58000 | D11: 23 | E11: 1 | F11: Junior | G11: Standar Bonus | H11: {=_xlfn.IFS(F11="senior","top performer",F11="Junior","Regular")} -> Regular
A12: E009 | B12: Isla Martin | C12: 72000 | D12: 41 | E12: 12 | F12: senior | G12: Standar Bonus | H12: {=_xlfn.IFS(F12="senior","top performer",F12="Junior","Regular")} -> top performer
A13: E010 | B13: Jack Wilson | C13: 80000 | D13: 29 | E13: 5 | F13: Junior | G13: Standar Bonus | H13: {=_xlfn.IFS(F13="senior","top performer",F13="Junior","Regular")} -> Regular
A14: E011 | B14: Karen Taylor | C14: 82000 | D14: 36 | E14: 10 | F14: Junior | G14: Highe | H14: {=_xlfn.IFS(F14="senior","top performer",F14="Junior","Regular")} -> Regular
A15: E012 | B15: Liam Moore | C15: 63000 | D15: 48 | E15: 20 | F15: senior | G15: Standar Bonus | H15: {=_xlfn.IFS(F15="senior","top performer",F15="Junior","Regular")} -> top performer
A16: E013 | B16: Mia Anderson | C16: 60000 | D16: 33 | E16: 8 | F16: Junior | G16: Standar Bonus | H16: {=_xlfn.IFS(F16="senior","top performer",F16="Junior","Regular")} -> Regular
A17: E014 | B17: Noah Thomas | C17: 105000 | D17: 55 | E17: 28 | F17: senior | G17: Highe | H17: {=_xlfn.IFS(F17="senior","top performer",F17="Junior","Regular")} -> top performer
A18: E015 | B18: Olivia Harris | C18: 70000 | D18: 27 | E18: 3 | F18: Junior | G18: Standar Bonus | H18: {=_xlfn.IFS(F18="senior","top performer",F18="Junior","Regular")} -> Regular
A19: E016 | B19: Peter Clark | C19: 67000 | D19: 44 | E19: 16 | F19: senior | G19: Standar Bonus | H19: {=_xlfn.IFS(F19="senior","top performer",F19="Junior","Regular")} -> top performer
A20: E017 | B20: Quinn Lewis | C20: 58000 | D20: 30 | E20: 6 | F20: Junior | G20: Standar Bonus | H20: {=_xlfn.IFS(F20="senior","top performer",F20="Junior","Regular")} -> Regular
A21: E018 | B21: Ryan Walker | C21: 88000 | D21: 39 | E21: 13 | F21: senior | G21: Highe | H21: {=_xlfn.IFS(F21="senior","top performer",F21="Junior","Regular")} -> top performer
A22: E019 | B22: Sara Hall | C22: 76000 | D22: 25 | E22: 2 | F22: Junior | G22: Standar Bonus | H22: {=_xlfn.IFS(F22="senior","top performer",F22="Junior","Regular")} -> Regular
... A28: E025 | B28: Yara Hill | C28: 73000 | D28: 29 | E28: 4 | F28: Junior | G28: Standar Bonus | H28: {=_xlfn.IFS(F28="senior","top performer",F28="Junior","Regular")} -> Regular

Sheet 🔢 Nested IF & IFS
A1: 🔢 Nested IF & IFS — Multiple conditions in sequence
A2: 📌 Nested IF stacks multiple IF functions. IFS (Excel 2019+) is cleaner for 3+ conditions. Both evaluate conditions top-to-bottom and stop at the first TRUE.
A3: Emp ID | B3: Name | C3: Salary | D3: Performance | E3: Years Exp | F3: Grade (Nested IF) | G3: Salary Band (IFS) | H3: Appraisal Note
A4: E001 | B4: Alice Johnson | C4: 62000 | D4: Excellent | E4: 6 | F4: {=_xlfn.IFS(AND(D4="Excellent",C4>=80000),"A+",AND(D4="Excellent",C4<80000),"A",AND(D4="Good"),"B",AND(D4="Average"),"C",TRUE,"D")} -> A | G4: {=_xlfn.IFS(C4:C28>=100000,"Executive",C4:C28>=80000,"Senior",C4:C28>=65000,"Mid-Level",C4:C28<=65000,"Junior")} -> Junior | H4: {=_xlfn.IFS(AND(D4="Excillent",C4>=10),"Promotion Candidate",AND(D4="Average"),"Needs Improvement",TRUE,"On Track")} -> On Track
A5: E002 | B5: Bob Smith | C5: 75000 | D5: Good | E5: 4 | F5: {=_xlfn.IFS(AND(D5="Excellent",C5>=80000),"A+",AND(D5="Excellent",C5<80000),"A",AND(D5="Good"),"B",AND(D5="Average"),"C",TRUE,"D")} -> B | G5: Mid-Level | H5: {=_xlfn.IFS(AND(D5="Excillent",C5>=10),"Promotion Candidate",AND(D5="Average"),"Needs Improvement",TRUE,"On Track")} -> On Track
A6: E003 | B6: Carol White | C6: 90000 | D6: Excellent | E6: 18 | F6: {=_xlfn.IFS(AND(D6="Excellent",C6>=80000),"A+",AND(D6="Excellent",C6<80000),"A",AND(D6="Good"),"B",AND(D6="Average"),"C",TRUE,"D")} -> A+ | G6: Senior | H6: {=_xlfn.IFS(AND(D6="Excillent",C6>=10),"Promotion Candidate",AND(D6="Average"),"Needs Improvement",TRUE,"On Track")} -> On Track
A7: E004 | B7: David Brown | C7: 71000 | D7: Average | E7: 7 | F7: {=_xlfn.IFS(AND(D7="Excellent",C7>=80000),"A+",AND(D7="Excellent",C7<80000),"A",AND(D7="Good"),"B",AND(D7="Average"),"C",TRUE,"D")} -> C | G7: Mid-Level | H7: {=_xlfn.IFS(AND(D7="Excillent",C7>=10),"Promotion Candidate",AND(D7="Average"),"Needs Improvement",TRUE,"On Track")} -> Needs Improvement | K7: Grade (Nested IF) | L7: assign a grade based on employee performance rating (column D) and salary (column C) using the following rules:
A8: E005 | B8: Eva Green | C8: 55000 | D8: Good | E8: 3 | F8: {=_xlfn.IFS(AND(D8="Excellent",C8>=80000),"A+",AND(D8="Excellent",C8<80000),"A",AND(D8="Good"),"B",AND(D8="Average"),"C",TRUE,"D")} -> B | G8: Junior | H8: {=_xlfn.IFS(AND(D8="Excillent",C8>=10),"Promotion Candidate",AND(D8="Average"),"Needs Improvement",TRUE,"On Track")} -> On Track
A9: E006 | B9: Frank Lee | C9: 68000 | D9: Average | E9: 22 | F9: {=_xlfn.IFS(AND(D9="Excellent",C9>=80000),"A+",AND(D9="Excellent",C9<80000),"A",AND(D9="Good"),"B",AND(D9="Average"),"C",TRUE,"D")} -> C | G9: Mid-Level | H9: {=_xlfn.IFS(AND(D9="Excillent",C9>=10),"Promotion Candidate",AND(D9="Average"),"Needs Improvement",TRUE,"On Track")} -> Needs Improvement | L9: If rating is Excellent and salary ≥ 80,000 → A+
A10: E007 | B10: Grace Kim | C10: 95000 | D10: Excellent | E10: 14 | F10: {=_xlfn.IFS(AND(D10="Excellent",C10>=80000),"A+",AND(D10="Excellent",C10<80000),"A",AND(D10="Good"),"B",AND(D10="Average"),"C",TRUE,"D")} -> A+ | G10: Senior | H10: {=_xlfn.IFS(AND(D10="Excillent",C10>=10),"Promotion Candidate",AND(D10="Average"),"Needs Improvement",TRUE,"On Track")} -> On Track | L10: If rating is Excellent but salary < 80,000 → A
A11: E008 | B11: Henry Davis | C11: 58000 | D11: Good | E11: 1 | F11: {=_xlfn.IFS(AND(D11="Excellent",C11>=80000),"A+",AND(D11="Excellent",C11<80000),"A",AND(D11="Good"),"B",AND(D11="Average"),"C",TRUE,"D")} -> B | G11: Junior | H11: {=_xlfn.IFS(AND(D11="Excillent",C11>=10),"Promotion Candidate",AND(D11="Average"),"Needs Improvement",TRUE,"On Track")} -> On Track | L11: If rating is Good → B
A12: E009 | B12: Isla Martin | C12: 72000 | D12: Excellent | E12: 12 | F12: {=_xlfn.IFS(AND(D12="Excellent",C12>=80000),"A+",AND(D12="Excellent",C12<80000),"A",AND(D12="Good"),"B",AND(D12="Average"),"C",TRUE,"D")} -> A | G12: Mid-Level | H12: {=_xlfn.IFS(AND(D12="Excillent",C12>=10),"Promotion Candidate",AND(D12="Average"),"Needs Improvement",TRUE,"On Track")} -> On Track | L12: If rating is Average → C
A13: E010 | B13: Jack Wilson | C13: 80000 | D13: Average | E13: 5 | F13: {=_xlfn.IFS(AND(D13="Excellent",C13>=80000),"A+",AND(D13="Excellent",C13<80000),"A",AND(D13="Good"),"B",AND(D13="Average"),"C",TRUE,"D")} -> C | G13: Senior | H13: {=_xlfn.IFS(AND(D13="Excillent",C13>=10),"Promotion Candidate",AND(D13="Average"),"Needs Improvement",TRUE,"On Track")} -> Needs Improvement | L13: Otherwise → D
A14: E011 | B14: Karen Taylor | C14: 82000 | D14: Good | E14: 10 | F14: {=_xlfn.IFS(AND(D14="Excellent",C14>=80000),"A+",AND(D14="Excellent",C14<80000),"A",AND(D14="Good"),"B",AND(D14="Average"),"C",TRUE,"D")} -> B | G14: Senior | H14: {=_xlfn.IFS(AND(D14="Excillent",C14>=10),"Promotion Candidate",AND(D14="Average"),"Needs Improvement",TRUE,"On Track")} -> On Track
A15: E012 | B15: Liam Moore | C15: 63000 | D15: Average | E15: 20 | F15: {=_xlfn.IFS(AND(D15="Excellent",C15>=80000),"A+",AND(D15="Excellent",C15<80000),"A",AND(D15="Good"),"B",AND(D15="Average"),"C",TRUE,"D")} -> C | G15: Junior | H15: {=_xlfn.IFS(AND(D15="Excillent",C15>=10),"Promotion Candidate",AND(D15="Average"),"Needs Improvement",TRUE,"On Track")} -> Needs Improvement
A16: E013 | B16: Mia Anderson | C16: 60000 | D16: Good | E16: 8 | F16: {=_xlfn.IFS(AND(D16="Excellent",C16>=80000),"A+",AND(D16="Excellent",C16<80000),"A",AND(D16="Good"),"B",AND(D16="Average"),"C",TRUE,"D")} -> B | G16: Junior | H16: {=_xlfn.IFS(AND(D16="Excillent",C16>=10),"Promotion Candidate",AND(D16="Average"),"Needs Improvement",TRUE,"On Track")} -> On Track | K16: Salary Band (IFS) | L16: Assign salary band based on salary
A17: E014 | B17: Noah Thomas | C17: 105000 | D17: Excellent | E17: 28 | F17: {=_xlfn.IFS(AND(D17="Excellent",C17>=80000),"A+",AND(D17="Excellent",C17<80000),"A",AND(D17="Good"),"B",AND(D17="Average"),"C",TRUE,"D")} -> A+ | G17: Executive | H17: {=_xlfn.IFS(AND(D17="Excillent",C17>=10),"Promotion Candidate",AND(D17="Average"),"Needs Improvement",TRUE,"On Track")} -> On Track
A18: E015 | B18: Olivia Harris | C18: 70000 | D18: Excellent | E18: 3 | F18: {=_xlfn.IFS(AND(D18="Excellent",C18>=80000),"A+",AND(D18="Excellent",C18<80000),"A",AND(D18="Good"),"B",AND(D18="Average"),"C",TRUE,"D")} -> A | G18: Mid-Level | H18: {=_xlfn.IFS(AND(D18="Excillent",C18>=10),"Promotion Candidate",AND(D18="Average"),"Needs Improvement",TRUE,"On Track")} -> On Track | L18: salary >= 100000 → Executive
A19: E016 | B19: Peter Clark | C19: 67000 | D19: Good | E19: 16 | F19: {=_xlfn.IFS(AND(D19="Excellent",C19>=80000),"A+",AND(D19="Excellent",C19<80000),"A",AND(D19="Good"),"B",AND(D19="Average"),"C",TRUE,"D")} -> B | G19: Mid-Level | H19: {=_xlfn.IFS(AND(D19="Excillent",C19>=10),"Promotion Candidate",AND(D19="Average"),"Needs Improvement",TRUE,"On Track")} -> On Track | L19: salary >= 80000 → Senior
A20: E017 | B20: Quinn Lewis | C20: 58000 | D20: Average | E20: 6 | F20: {=_xlfn.IFS(AND(D20="Excellent",C20>=80000),"A+",AND(D20="Excellent",C20<80000),"A",AND(D20="Good"),"B",AND(D20="Average"),"C",TRUE,"D")} -> C | G20: Junior | H20: {=_xlfn.IFS(AND(D20="Excillent",C20>=10),"Promotion Candidate",AND(D20="Average"),"Needs Improvement",TRUE,"On Track")} -> Needs Improvement | L20: salary >= 65000 → Mid-Level
A21: E018 | B21: Ryan Walker | C21: 88000 | D21: Excellent | E21: 13 | F21: {=_xlfn.IFS(AND(D21="Excellent",C21>=80000),"A+",AND(D21="Excellent",C21<80000),"A",AND(D21="Good"),"B",AND(D21="Average"),"C",TRUE,"D")} -> A+ | G21: Senior | H21: {=_xlfn.IFS(AND(D21="Excillent",C21>=10),"Promotion Candidate",AND(D21="Average"),"Needs Improvement",TRUE,"On Track")} -> On Track | L21: salary < 65000 → Junior
A22: E019 | B22: Sara Hall | C22: 76000 | D22: Good | E22: 2 | F22: {=_xlfn.IFS(AND(D22="Excellent",C22>=80000),"A+",AND(D22="Excellent",C22<80000),"A",AND(D22="Good"),"B",AND(D22="Average"),"C",TRUE,"D")} -> B | G22: Mid-Level | H22: {=_xlfn.IFS(AND(D22="Excillent",C22>=10),"Promotion Candidate",AND(D22="Average"),"Needs Improvement",TRUE,"On Track")} -> On Track
A23: E020 | B23: Tom Young | C23: 65000 | D23: Average | E23: 24 | F23: {=_xlfn.IFS(AND(D23="Excellent",C23>=80000),"A+",AND(D23="Excellent",C23<80000),"A",AND(D23="Good"),"B",AND(D23="Average"),"C",TRUE,"D")} -> C | G23: Mid-Level | H23: {=_xlfn.IFS(AND(D23="Excillent",C23>=10),"Promotion Candidate",AND(D23="Average"),"Needs Improvement",TRUE,"On Track")} -> Needs Improvement
A24: E021 | B24: Uma Scott | C24: 64000 | D24: Excellent | E24: 9 | F24: {=_xlfn.IFS(AND(D24="Excellent",C24>=80000),"A+",AND(D24="Excellent",C24<80000),"A",AND(D24="Good"),"B",AND(D24="Average"),"C",TRUE,"D")} -> A | G24: Junior | H24: {=_xlfn.IFS(AND(D24="Excillent",C24>=10),"Promotion Candidate",AND(D24="Average"),"Needs Improvement",TRUE,"On Track")} -> On Track | K24: Appraisal Note | L24: determine the promotion status using the following logic:
A25: E022 | B25: Victor King | C25: 79000 | D25: Good | E25: 15 | F25: {=_xlfn.IFS(AND(D25="Excellent",C25>=80000),"A+",AND(D25="Excellent",C25<80000),"A",AND(D25="Good"),"B",AND(D25="Average"),"C",TRUE,"D")} -> B | G25: Mid-Level | H25: {=_xlfn.IFS(AND(D25="Excillent",C25>=10),"Promotion Candidate",AND(D25="Average"),"Needs Improvement",TRUE,"On Track")} -> On Track
A26: E023 | B26: Wendy Wright | C26: 87000 | D26: Excellent | E26: 8 | F26: {=_xlfn.IFS(AND(D26="Excellent",C26>=80000),"A+",AND(D26="Excellent",C26<80000),"A",AND(D26="Good"),"B",AND(D26="Average"),"C",TRUE,"D")} -> A+ | G26: Senior | H26: {=_xlfn.IFS(AND(D26="Excillent",C26>=10),"Promotion Candidate",AND(D26="Average"),"Needs Improvement",TRUE,"On Track")} -> On Track | L26: If rating = Excellent AND experience ≥ 10 years → Promotion Candidate
A27: E024 | B27: Xander Lopez | C27: 61000 | D27: Average | E27: 18 | F27: {=_xlfn.IFS(AND(D27="Excellent",C27>=80000),"A+",AND(D27="Excellent",C27<80000),"A",AND(D27="Good"),"B",AND(D27="Average"),"C",TRUE,"D")} -> C | G27: Junior | H27: {=_xlfn.IFS(AND(D27="Excillent",C27>=10),"Promotion Candidate",AND(D27="Average"),"Needs Improvement",TRUE,"On Track")} -> Needs Improvement | L27: If rating = Average → Needs Improvement
A28: E025 | B28: Yara Hill | C28: 73000 | D28: Good | E28: 4 | F28: {=_xlfn.IFS(AND(D28="Excellent",C28>=80000),"A+",AND(D28="Excellent",C28<80000),"A",AND(D28="Good"),"B",AND(D28="Average"),"C",TRUE,"D")} -> B | G28: Mid-Level | H28: {=_xlfn.IFS(AND(D28="Excillent",C28>=10),"Promotion Candidate",AND(D28="Average"),"Needs Improvement",TRUE,"On Track")} -> On Track | L28: Otherwise → On Track

Sheet ⚡ AND, OR, NOT
A1: ⚡ AND, OR, NOT — Combine or invert multiple logical conditions
A2: 📌 AND → all conditions must be TRUE | OR → at least one must be TRUE | NOT → reverses TRUE/FALSE | Combine them with IF for powerful logic.
A3: Emp ID | B3: Name | C3: Salary | D3: Performance | E3: Active? | F3: AND: Eligible? | G3: OR: Flag? | H3: NOT + IF Result
A4: E001 | B4: Alice Johnson | C4: 62000 | D4: Excellent | E4: Yes | F4: =IF(AND(D4="Excellent",C4>=70000,E4="Yes"),"Eligible","Not Eligible") -> Not Eligible | G4: =IF(OR(C4>=90000,D4="Excellent"),"Highe Priority","Normal") -> Highe Priority | H4: =IF(NOT(E4="yes"),"Inactive Employee","Active &Working") -> Active &Working
A5: E002 | B5: Bob Smith | C5: 75000 | D5: Good | E5: Yes | F5: =IF(AND(D5="Excellent",C5>=70000,E5="Yes"),"Eligible","Not Eligible") -> Not Eligible | G5: =IF(OR(C5>=90000,D5="Excellent"),"Highe Priority","Normal") -> Normal | H5: =IF(NOT(E5="yes"),"Inactive Employee","Active &Working") -> Active &Working
A6: E003 | B6: Carol White | C6: 90000 | D6: Excellent | E6: Yes | F6: =IF(AND(D6="Excellent",C6>=70000,E6="Yes"),"Eligible","Not Eligible") -> Eligible | G6: =IF(OR(C6>=90000,D6="Excellent"),"Highe Priority","Normal") -> Highe Priority | H6: =IF(NOT(E6="yes"),"Inactive Employee","Active &Working") -> Active &Working | K6: AND: Eligible? | L6: check if an employee is eligible using these conditions:
A7: E004 | B7: David Brown | C7: 71000 | D7: Average | E7: Yes | F7: =IF(AND(D7="Excellent",C7>=70000,E7="Yes"),"Eligible","Not Eligible") -> Not Eligible | G7: =IF(OR(C7>=90000,D7="Excellent"),"Highe Priority","Normal") -> Normal | H7: =IF(NOT(E7="yes"),"Inactive Employee","Active &Working") -> Active &Working
A8: E005 | B8: Eva Green | C8: 55000 | D8: Good | E8: Yes | F8: =IF(AND(D8="Excellent",C8>=70000,E8="Yes"),"Eligible","Not Eligible") -> Not Eligible | G8: =IF(OR(C8>=90000,D8="Excellent"),"Highe Priority","Normal") -> Normal | H8: =IF(NOT(E8="yes"),"Inactive Employee","Active &Working") -> Active &Working | L8: Employee must:
A9: E006 | B9: Frank Lee | C9: 68000 | D9: Average | E9: No | F9: =IF(AND(D9="Excellent",C9>=70000,E9="Yes"),"Eligible","Not Eligible") -> Not Eligible | G9: =IF(OR(C9>=90000,D9="Excellent"),"Highe Priority","Normal") -> Normal | H9: =IF(NOT(E9="yes"),"Inactive Employee","Active &Working") -> Inactive Employee | L9: Have rating Excellent
A10: E007 | B10: Grace Kim | C10: 95000 | D10: Excellent | E10: Yes | F10: =IF(AND(D10="Excellent",C10>=70000,E10="Yes"),"Eligible","Not Eligible") -> Eligible | G10: =IF(OR(C10>=90000,D10="Excellent"),"Highe Priority","Normal") -> Highe Priority | H10: =IF(NOT(E10="yes"),"Inactive Employee","Active &Working") -> Active &Working | L10: Salary ≥ 70,000
A11: E008 | B11: Henry Davis | C11: 58000 | D11: Good | E11: Yes | F11: =IF(AND(D11="Excellent",C11>=70000,E11="Yes"),"Eligible","Not Eligible") -> Not Eligible | G11: =IF(OR(C11>=90000,D11="Excellent"),"Highe Priority","Normal") -> Normal | H11: =IF(NOT(E11="yes"),"Inactive Employee","Active &Working") -> Active &Working | L11: Status in column E = Yes
A12: E009 | B12: Isla Martin | C12: 72000 | D12: Excellent | E12: Yes | F12: =IF(AND(D12="Excellent",C12>=70000,E12="Yes"),"Eligible","Not Eligible") -> Eligible | G12: =IF(OR(C12>=90000,D12="Excellent"),"Highe Priority","Normal") -> Highe Priority | H12: =IF(NOT(E12="yes"),"Inactive Employee","Active &Working") -> Active &Working | L12: If all conditions are true → Eligible, otherwise → Not Eligible.
A13: E010 | B13: Jack Wilson | C13: 80000 | D13: Average | E13: Yes | F13: =IF(AND(D13="Excellent",C13>=70000,E13="Yes"),"Eligible","Not Eligible") -> Not Eligible | G13: =IF(OR(C13>=90000,D13="Excellent"),"Highe Priority","Normal") -> Normal | H13: =IF(NOT(E13="yes"),"Inactive Employee","Active &Working") -> Active &Working
A14: E011 | B14: Karen Taylor | C14: 82000 | D14: Good | E14: No | F14: =IF(AND(D14="Excellent",C14>=70000,E14="Yes"),"Eligible","Not Eligible") -> Not Eligible | G14: =IF(OR(C14>=90000,D14="Excellent"),"Highe Priority","Normal") -> Normal | H14: =IF(NOT(E14="yes"),"Inactive Employee","Active &Working") -> Inactive Employee
A15: E012 | B15: Liam Moore | C15: 63000 | D15: Average | E15: Yes | F15: =IF(AND(D15="Excellent",C15>=70000,E15="Yes"),"Eligible","Not Eligible") -> Not Eligible | G15: =IF(OR(C15>=90000,D15="Excellent"),"Highe Priority","Normal") -> Normal | H15: =IF(NOT(E15="yes"),"Inactive Employee","Active &Working") -> Active &Working | K15: OR: Flag? | L15: mark employees as High Priority if:
A16: E013 | B16: Mia Anderson | C16: 60000 | D16: Good | E16: Yes | F16: =IF(AND(D16="Excellent",C16>=70000,E16="Yes"),"Eligible","Not Eligible") -> Not Eligible | G16: =IF(OR(C16>=90000,D16="Excellent"),"Highe Priority","Normal") -> Normal | H16: =IF(NOT(E16="yes"),"Inactive Employee","Active &Working") -> Active &Working
A17: E014 | B17: Noah Thomas | C17: 105000 | D17: Excellent | E17: Yes | F17: =IF(AND(D17="Excellent",C17>=70000,E17="Yes"),"Eligible","Not Eligible") -> Eligible | G17: =IF(OR(C17>=90000,D17="Excellent"),"Highe Priority","Normal") -> Highe Priority | H17: =IF(NOT(E17="yes"),"Inactive Employee","Active &Working") -> Active &Working | L17: Salary ≥ 90,000, OR
A18: E015 | B18: Olivia Harris | C18: 70000 | D18: Excellent | E18: Yes | F18: =IF(AND(D18="Excellent",C18>=70000,E18="Yes"),"Eligible","Not Eligible") -> Eligible | G18: =IF(OR(C18>=90000,D18="Excellent"),"Highe Priority","Normal") -> Highe Priority | H18: =IF(NOT(E18="yes"),"Inactive Employee","Active &Working") -> Active &Working | L18: Rating is Excellent
A19: E016 | B19: Peter Clark | C19: 67000 | D19: Good | E19: No | F19: =IF(AND(D19="Excellent",C19>=70000,E19="Yes"),"Eligible","Not Eligible") -> Not Eligible | G19: =IF(OR(C19>=90000,D19="Excellent"),"Highe Priority","Normal") -> Normal | H19: =IF(NOT(E19="yes"),"Inactive Employee","Active &Working") -> Inactive Employee | L19: Otherwise mark them as Normal.
A20: E017 | B20: Quinn Lewis | C20: 58000 | D20: Average | E20: Yes | F20: =IF(AND(D20="Excellent",C20>=70000,E20="Yes"),"Eligible","Not Eligible") -> Not Eligible | G20: =IF(OR(C20>=90000,D20="Excellent"),"Highe Priority","Normal") -> Normal | H20: =IF(NOT(E20="yes"),"Inactive Employee","Active &Working") -> Active &Working
A21: E018 | B21: Ryan Walker | C21: 88000 | D21: Excellent | E21: Yes | F21: =IF(AND(D21="Excellent",C21>=70000,E21="Yes"),"Eligible","Not Eligible") -> Eligible | G21: =IF(OR(C21>=90000,D21="Excellent"),"Highe Priority","Normal") -> Highe Priority | H21: =IF(NOT(E21="yes"),"Inactive Employee","Active &Working") -> Active &Working
A22: E019 | B22: Sara Hall | C22: 76000 | D22: Good | E22: Yes | F22: =IF(AND(D22="Excellent",C22>=70000,E22="Yes"),"Eligible","Not Eligible") -> Not Eligible | G22: =IF(OR(C22>=90000,D22="Excellent"),"Highe Priority","Normal") -> Normal | H22: =IF(NOT(E22="yes"),"Inactive Employee","Active &Working") -> Active &Working
A23: E020 | B23: Tom Young | C23: 65000 | D23: Average | E23: Yes | F23: =IF(AND(D23="Excellent",C23>=70000,E23="Yes"),"Eligible","Not Eligible") -> Not Eligible | G23: =IF(OR(C23>=90000,D23="Excellent"),"Highe Priority","Normal") -> Normal | H23: =IF(NOT(E23="yes"),"Inactive Employee","Active &Working") -> Active &Working | K23: NOT + IF Result | L23: check employee activity status:
A24: E021 | B24: Uma Scott | C24: 64000 | D24: Excellent | E24: Yes | F24: =IF(AND(D24="Excellent",C24>=70000,E24="Yes"),"Eligible","Not Eligible") -> Not Eligible | G24: =IF(OR(C24>=90000,D24="Excellent"),"Highe Priority","Normal") -> Highe Priority | H24: =IF(NOT(E24="yes"),"Inactive Employee","Active &Working") -> Active &Working
A25: E022 | B25: Victor King | C25: 79000 | D25: Good | E25: Yes | F25: =IF(AND(D25="Excellent",C25>=70000,E25="Yes"),"Eligible","Not Eligible") -> Not Eligible | G25: =IF(OR(C25>=90000,D25="Excellent"),"Highe Priority","Normal") -> Normal | H25: =IF(NOT(E25="yes"),"Inactive Employee","Active &Working") -> Active &Working | L25: If column E is NOT "Yes" → return Inactive Employee
A26: E023 | B26: Wendy Wright | C26: 87000 | D26: Excellent | E26: Yes | F26: =IF(AND(D26="Excellent",C26>=70000,E26="Yes"),"Eligible","Not Eligible") -> Eligible | G26: =IF(OR(C26>=90000,D26="Excellent"),"Highe Priority","Normal") -> Highe Priority | H26: =IF(NOT(E26="yes"),"Inactive Employee","Active &Working") -> Active &Working | L26: Otherwise → Active & Working
A27: E024 | B27: Xander Lopez | C27: 61000 | D27: Average | E27: No | F27: =IF(AND(D27="Excellent",C27>=70000,E27="Yes"),"Eligible","Not Eligible") -> Not Eligible | G27: =IF(OR(C27>=90000,D27="Excellent"),"Highe Priority","Normal") -> Normal | H27: =IF(NOT(E27="yes"),"Inactive Employee","Active &Working") -> Inactive Employee
A28: E025 | B28: Yara Hill | C28: 73000 | D28: Good | E28: Yes | F28: =IF(AND(D28="Excellent",C28>=70000,E28="Yes"),"Eligible","Not Eligible") -> Not Eligible | G28: =IF(OR(C28>=90000,D28="Excellent"),"Highe Priority","Normal") -> Normal | H28: =IF(NOT(E28="yes"),"Inactive Employee","Active &Working") -> Active &Working

Sheet 🛡️ IFERROR & IFNA
A1: 🛡️ IFERROR & IFNA — Handle errors gracefully in formulas
A2: 📌 IFERROR catches ALL errors. IFNA catches only #N/A. Intentional error demo in column E.
A3: Emp ID | B3: Name | C3: Salary | D3: Projects | E3: Salary/Project (Raw) | F3: IFERROR Version | G3: IFNA + VLOOKUP
A4: E001 | B4: Alice Johnson | C4: 62000 | D4: 8 | E4: =IFERROR(C4/D4,"NA") -> 7750
A5: E002 | B5: Bob Smith | C5: 75000 | D5: 12 | E5: =IFERROR(C5/D5,"NA") -> 6250
A6: E003 | B6: Carol White | C6: 90000 | D6: 20 | E6: =IFERROR(C6/D6,"NA") -> 4500
A7: E004 | B7: David Brown | C7: 71000 | D7: 9 | E7: =IFERROR(C7/D7,"NA") -> 7888.8889
A8: E005 | B8: Eva Green | C8: 55000 | D8: 6 | E8: =IFERROR(C8/D8,"NA") -> 9166.6667
A9: E006 | B9: Frank Lee | C9: 68000 | D9: 15 | E9: =IFERROR(C9/D9,"NA") -> 4533.3333
A10: E007 | B10: Grace Kim | C10: 95000 | D10: 22 | E10: =IFERROR(C10/D10,"NA") -> 4318.1818
A11: E008 | B11: Henry Davis | C11: 58000 | D11: 0 | E11: =IFERROR(C11/D11,"NA") -> NA
A12: E009 | B12: Isla Martin | C12: 72000 | D12: 18 | E12: =IFERROR(C12/D12,"NA") -> 4000
A13: E010 | B13: Jack Wilson | C13: 80000 | D13: 10 | E13: =IFERROR(C13/D13,"NA") -> 8000
A14: E011 | B14: Karen Taylor | C14: 82000 | D14: 14 | E14: =IFERROR(C14/D14,"NA") -> 5857.1429
A15: E012 | B15: Liam Moore | C15: 63000 | D15: 11 | E15: =IFERROR(C15/D15,"NA") -> 5727.2727
... A28: E025 | B28: Yara Hill | C28: 73000 | D28: 8 | E28: =IFERROR(C28/D28,"NA") -> 9125

Sheet 📊 COUNTIF, SUMIF, AVGIF
A1: 📊 COUNTIF, SUMIF, AVERAGEIF — Aggregate data with one condition
A2: 📌 COUNTIF counts rows matching a criterion | SUMIF sums matching values | AVERAGEIF averages matching values | Criteria can be text, numbers, or wildcards (*, ?).
A3: Department Summary | F3: Performance Summary
A4: Department | B4: Count of Employees | C4: Total Salary | D4: Avg Salary | E4: Avg Projects | F4: Performance | G4: Count | H4: Total Salary | I4: Avg Salary | J4: Avg Exp
A5: HR | B5: =COUNTIF('📋 Employee Dataset'!B3:C27,"HR") -> 5 | C5: =SUMIFS('📋 Employee Dataset'!E3:E27,'📋 Employee Dataset'!C3:C27,"HR") -> 324000 | D5: =AVERAGEIFS('📋 Employee Dataset'!E3:E27,'📋 Employee Dataset'!C3:C27,"HR") -> 64800 | E5: =AVERAGEIFS('📋 Employee Dataset'!K3:K27,'📋 Employee Dataset'!C3:C27,"HR") -> 11.4 | F5: Excellent | G5: =COUNTIF('📋 Employee Dataset'!G3:G27,"Excellent*") -> 9 | H5: =SUMIF('📋 Employee Dataset'!G3:G27,"Excellent*",'📋 Employee Dataset'!E3:E27) -> 733000 | I5: =AVERAGEIF('📋 Employee Dataset'!G3:G27,"Excellent",'📋 Employee Dataset'!E3:E27) -> 81444.444 | J5: =AVERAGEIF('📋 Employee Dataset'!G3:G27,"Excellent*",'📋 Employee Dataset'!F3:F27) -> 12.333333
A6: IT | B6: =COUNTIF('📋 Employee Dataset'!B3:C27,"IT") -> 8 | C6: =SUMIFS('📋 Employee Dataset'!E3:E27,'📋 Employee Dataset'!C3:C27,"IT") -> 596000 | D6: =AVERAGEIFS('📋 Employee Dataset'!E3:E27,'📋 Employee Dataset'!C3:C27,"IT") -> 74500 | E6: =AVERAGEIFS('📋 Employee Dataset'!K3:K27,'📋 Employee Dataset'!C3:C27,"IT") -> 11 | F6: Good | G6: =COUNTIF('📋 Employee Dataset'!G3:G27,"Good*") -> 9 | H6: =SUMIF('📋 Employee Dataset'!G3:G27,"Good*",'📋 Employee Dataset'!E3:E27) -> 625000 | I6: =AVERAGEIF('📋 Employee Dataset'!G3:G27,"Good",'📋 Employee Dataset'!E3:E27) -> 69444.444 | J6: =AVERAGEIF('📋 Employee Dataset'!G3:G27,"Good*",'📋 Employee Dataset'!F3:F27) -> 7
A7: Finance | B7: =COUNTIF('📋 Employee Dataset'!B3:C27,"Finance") -> 6 | C7: =SUMIFS('📋 Employee Dataset'!E3:E27,'📋 Employee Dataset'!C3:C27,"Finance") -> 533000 | D7: =AVERAGEIFS('📋 Employee Dataset'!E3:E27,'📋 Employee Dataset'!C3:C27,"Finance") -> 88833.333 | E7: =AVERAGEIFS('📋 Employee Dataset'!K3:K27,'📋 Employee Dataset'!C3:C27,"Finance") -> 17 | F7: Average | G7: =COUNTIF('📋 Employee Dataset'!G3:G27,"Average*") -> 7 | H7: =SUMIF('📋 Employee Dataset'!G3:G27,"Average*",'📋 Employee Dataset'!E3:E27) -> 466000 | I7: =AVERAGEIF('📋 Employee Dataset'!G3:G27,"Average",'📋 Employee Dataset'!E3:E27) -> 66571.429 | J7: =AVERAGEIF('📋 Employee Dataset'!G3:G27,"Average*",'📋 Employee Dataset'!F3:F27) -> 14.571429
A8: Marketing | B8: =COUNTIF('📋 Employee Dataset'!B3:C27,"Marketing") -> 6 | C8: =SUMIFS('📋 Employee Dataset'!E3:E27,'📋 Employee Dataset'!C3:C27,"Marketing") -> 371000 | D8: =AVERAGEIFS('📋 Employee Dataset'!E3:E27,'📋 Employee Dataset'!C3:C27,"Marketing") -> 61833.333 | E8: =AVERAGEIFS('📋 Employee Dataset'!K3:K27,'📋 Employee Dataset'!C3:C27,"Marketing") -> 12
A10: 🔍 Wildcard & Comparison Criteria Examples
A11: Description | B11: Formula Used
A12: Count employees with name starting with "A" | B12: =COUNTIF('📋 Employee Dataset'!B3:B27,"A*") -> 1
A13: Count salaries > 80,000 | B13: =COUNTIF('📋 Employee Dataset'!E3:E27,">8000") -> 25
A14: Sum salaries between 60k-80k (using SUMIFS) | B14: =SUMIFS('📋 Employee Dataset'!E3:E27,'📋 Employee Dataset'!E3:E27,">=60000",'📋 Employee Dataset'!E3:E27,"<=80000") -> 1106000

Sheet 🔀 COUNTIFS, SUMIFS, AVGIFS
A1: 🔀 COUNTIFS, SUMIFS, AVERAGEIFS — Multiple conditions at once
A2: 📌 The 'S' versions accept multiple criteria ranges. All criteria must be met simultaneously (like AND logic). Ranges must be the same size.
A3: Multi-Condition Analysis
A4: Dept | B4: Performance | C4: Region | D4: Active | E4: COUNTIFS | F4: SUMIFS Salary | G4: AVGIFS Exp
A5: IT | B5: Excellent | C5: North | D5: Yes | E5: =COUNTIFS('📋 Employee Dataset'!C2:C26,'📋 Employee Dataset'!C11,'📋 Employee Dataset'!G2:G26,'📋 Employee Dataset'!G15,'📋 Employee Dataset'!H2:H26,'📋 Employee Dataset'!H4,'📋 Employee Dataset'!L2:L26,'📋 Employee Dataset'!L11) -> 0 | F5: =SUMIFS('📋 Employee Dataset'!E3:E27,'📋 Employee Dataset'!C3:C27,"IT",'📋 Employee Dataset'!G3:G27,"Excellent",'📋 Employee Dataset'!H3:H27,"North",'📋 Employee Dataset'!L3:L27,"Yes") -> 0 | G5: =AVERAGEIFS('📋 Employee Dataset'!F3:F27,'📋 Employee Dataset'!C3:C27,"IT",'📋 Employee Dataset'!G3:G27,"Excellent",'📋 Employee Dataset'!H3:H27,"North",'📋 Employee Dataset'!L3:L27,"Yes") -> #DIV/0!
A6: Finance | B6: Excellent | C6: East | D6: Yes | E6: =COUNTIFS('📋 Employee Dataset'!C3:C27,'📋 Employee Dataset'!C12,'📋 Employee Dataset'!G3:G27,'📋 Employee Dataset'!G16,'📋 Employee Dataset'!H3:H27,'📋 Employee Dataset'!H5,'📋 Employee Dataset'!L3:L27,'📋 Employee Dataset'!L12) -> 3 | F6: =SUMIFS('📋 Employee Dataset'!E3:E27,'📋 Employee Dataset'!C3:C27,"Finance",'📋 Employee Dataset'!G3:G27,"Excellent",'📋 Employee Dataset'!H3:H27,"East",'📋 Employee Dataset'!L3:L27,"Yes") -> 272000 | G6: =AVERAGEIFS('📋 Employee Dataset'!F4:F28,'📋 Employee Dataset'!C4:C28,"IT",'📋 Employee Dataset'!G4:G28,"Excellent",'📋 Employee Dataset'!H4:H28,"North",'📋 Employee Dataset'!L4:L28,"Yes") -> #DIV/0!
A7: HR | B7: Good | C7: South | D7: Yes | E7: =COUNTIFS('📋 Employee Dataset'!C3:C27,'📋 Employee Dataset'!C3,'📋 Employee Dataset'!G3:G27,'📋 Employee Dataset'!G13,'📋 Employee Dataset'!H3:H27,'📋 Employee Dataset'!H4,'📋 Employee Dataset'!L3:L27,'📋 Employee Dataset'!L12) -> 0 | F7: =SUMIFS('📋 Employee Dataset'!E3:E27,'📋 Employee Dataset'!C3:C27,"HR",'📋 Employee Dataset'!G3:G27,"Good",'📋 Employee Dataset'!H3:H27,"South",'📋 Employee Dataset'!L3:L27,"Yes") -> 0 | G7: =AVERAGEIFS('📋 Employee Dataset'!F5:F29,'📋 Employee Dataset'!C5:C29,"IT",'📋 Employee Dataset'!G5:G29,"Excellent",'📋 Employee Dataset'!H5:H29,"North",'📋 Employee Dataset'!L5:L29,"Yes") -> #DIV/0!
A8: Marketing | B8: Average | C8: West | D8: Yes | E8: =COUNTIFS('📋 Employee Dataset'!C3:C27,'📋 Employee Dataset'!C7,'📋 Employee Dataset'!G3:G27,'📋 Employee Dataset'!G14,'📋 Employee Dataset'!H3:H27,'📋 Employee Dataset'!H14,'📋 Employee Dataset'!L3:L27,'📋 Employee Dataset'!L12) -> 1 | F8: =SUMIFS('📋 Employee Dataset'!E3:E27,'📋 Employee Dataset'!C3:C27,"Marketing",'📋 Employee Dataset'!G3:G27,"Average",'📋 Employee Dataset'!H3:H27,"West",'📋 Employee Dataset'!L3:L27,"Yes") -> 65000 | G8: =AVERAGEIFS('📋 Employee Dataset'!F6:F30,'📋 Employee Dataset'!C6:C30,"IT",'📋 Employee Dataset'!G6:G30,"Excellent",'📋 Employee Dataset'!H6:H30,"North",'📋 Employee Dataset'!L6:L30,"Yes") -> #DIV/0!

Sheet 🔄 SWITCH & CHOOSE
A1: 🔄 SWITCH & CHOOSE — Select from a list of values or cases
A2: 📌 SWITCH compares an expression against a list of values — cleaner than nested IF for exact matches. CHOOSE returns the Nth value from a list — great for mapping numbers to labels.
A3: Emp ID | B3: Name | C3: Department | D3: Perf Score # | E3: Region | F3: SWITCH: Dept Code | G3: CHOOSE: Perf Label | H3: SWITCH: Region Flag
A4: E001 | B4: Alice Johnson | C4: HR | D4: 1 | E4: North | F4: {=_xlfn.SWITCH(C4:C28,"HR","HUM","IT","TECH","Finance","FIN","Marketing","MKT","UNK")} -> HUM | G4: {=_xlfn.SWITCH(D4:D28,1,"Excellent",2,"Good",3,"Average")} -> Excellent | H4: {=_xlfn.SWITCH(E4:E28,"North","N","South","S","East","E","West","W","?")} -> N
A5: E002 | B5: Bob Smith | C5: IT | D5: 2 | E5: South | F5: TECH | G5: Good | H5: S
A6: E003 | B6: Carol White | C6: Finance | D6: 1 | E6: East | F6: FIN | G6: Excellent | H6: E | K6: SWITCH: Dept Code | L6: convert department names into short department codes:
A7: E004 | B7: David Brown | C7: IT | D7: 3 | E7: West | F7: TECH | G7: Average | H7: W
A8: E005 | B8: Eva Green | C8: Marketing | D8: 2 | E8: North | F8: MKT | G8: Good | H8: N | L8: HR → HUM
A9: E006 | B9: Frank Lee | C9: HR | D9: 3 | E9: South | F9: HUM | G9: Average | H9: S | L9: IT → TECH
A10: E007 | B10: Grace Kim | C10: Finance | D10: 1 | E10: East | F10: FIN | G10: Excellent | H10: E | L10: Finance → FIN
A11: E008 | B11: Henry Davis | C11: IT | D11: 2 | E11: West | F11: TECH | G11: Good | H11: W | L11: Marketing → MKT
A12: E009 | B12: Isla Martin | C12: Marketing | D12: 1 | E12: North | F12: MKT | G12: Excellent | H12: N | L12: Otherwise → UNK
A13: E010 | B13: Jack Wilson | C13: Finance | D13: 3 | E13: South | F13: FIN | G13: Average | H13: S
A14: E011 | B14: Karen Taylor | C14: IT | D14: 2 | E14: East | F14: TECH | G14: Good | H14: E | K14: CHOOSE: Perf Label | L14: convert the performance rating number (column D) into text using the following mapping:
A15: E012 | B15: Liam Moore | C15: HR | D15: 3 | E15: West | F15: HUM | G15: Average | H15: W
A16: E013 | B16: Mia Anderson | C16: Marketing | D16: 2 | E16: North | F16: MKT | G16: Good | H16: N | L16: 1 → Excellent
A17: E014 | B17: Noah Thomas | C17: Finance | D17: 1 | E17: South | F17: FIN | G17: Excellent | H17: S | L17: 2 → Good
A18: E015 | B18: Olivia Harris | C18: IT | D18: 1 | E18: East | F18: TECH | G18: Excellent | H18: E | L18: 3 → Average
A19: E016 | B19: Peter Clark | C19: HR | D19: 2 | E19: West | F19: HUM | G19: Good | H19: W
A20: E017 | B20: Quinn Lewis | C20: Marketing | D20: 3 | E20: North | F20: MKT | G20: Average | H20: N
A21: E018 | B21: Ryan Walker | C21: IT | D21: 1 | E21: South | F21: TECH | G21: Excellent | H21: S | K21: SWITCH: Region Flag | L21: convert region names into single-letter codes:
A22: E019 | B22: Sara Hall | C22: Finance | D22: 2 | E22: East | F22: FIN | G22: Good | H22: E
A23: E020 | B23: Tom Young | C23: Marketing | D23: 3 | E23: West | F23: MKT | G23: Average | H23: W | L23: North → N
A24: E021 | B24: Uma Scott | C24: HR | D24: 1 | E24: North | F24: HUM | G24: Excellent | H24: N | L24: South → S
A25: E022 | B25: Victor King | C25: IT | D25: 2 | E25: South | F25: TECH | G25: Good | H25: S | L25: East → E
A26: E023 | B26: Wendy Wright | C26: Finance | D26: 1 | E26: East | F26: FIN | G26: Excellent | H26: E | L26: West → W
A27: E024 | B27: Xander Lopez | C27: Marketing | D27: 3 | E27: West | F27: MKT | G27: Average | H27: W | L27: Otherwise → ?
A28: E025 | B28: Yara Hill | C28: IT | D28: 2 | E28: North | F28: TECH | G28: Good | H28: N

Sheet ✏️ Practice Exercises
A1: ✏️ Practice Exercises — Write your own formulas in the yellow cells!
A2: 📌 Type your formula in each yellow cell. The answer is hidden — use the other sheets to verify. All formulas reference '📋 Employee Dataset'.
A4: ✦ IF Functions
A5: Q1 | B5: Using IF: Label each employee 'High Earner' if Salary > 75000, else 'Standard' | C5: =IF(Salary,>=75000,"Highe Earner",<75000,"Standard") | D5: ⭐ Easy
A6: Q2 | B6: Using IF: Show 'Active' if Active? column is 'Yes', otherwise show 'Inactive' | C6: =IF("Active","Yes",False,"Inactive") | D6: ⭐ Easy
A7: ✦ Nested IF Functions
A8: Q3 | B8: Assign tax brackets: Salary ≥90k → 'High Tax', ≥65k → 'Mid Tax', else 'Low Tax' | C8: ← Type your formula here | D8: ⭐⭐ Medium
A9: ✦ AND Functions
A10: Q4 | B10: Flag employees who are in IT AND have Excellent performance | C10: ← Type your formula here | D10: ⭐⭐ Medium
A11: ✦ OR Functions
A12: Q5 | B12: Mark 'Review' if Salary < 60000 OR Years Exp < 3 | C12: ← Type your formula here | D12: ⭐⭐ Medium
A13: ✦ NOT Functions
A14: Q6 | B14: Show 'Available for Project' if the employee is NOT inactive (Active?=No) | C14: ← Type your formula here | D14: ⭐⭐ Medium
A15: ✦ IFERROR Functions
A16: Q7 | B16: Divide Salary by Projects Done, show 'N/A' on error | C16: ← Type your formula here | D16: ⭐⭐ Medium
A17: ✦ COUNTIF Functions
A18: Q8 | B18: Count total employees in the Finance department | C18: ← Type your formula here | D18: ⭐ Easy
A19: ✦ SUMIF Functions
A20: Q9 | B20: Sum all salaries for Marketing employees | C20: ← Type your formula here | D20: ⭐ Easy
A21: ✦ AVERAGEIF Functions
A22: Q10 | B22: Average salary of employees with 'Excellent' performance | C22: ← Type your formula here | D22: ⭐⭐ Medium
A23: ✦ COUNTIFS Functions
A24: Q11 | B24: Count employees in IT with Good OR Excellent performance AND Active=Yes | C24: ← Type your formula here | D24: ⭐⭐⭐ Hard
A25: ✦ SUMIFS Functions
A26: Q12 | B26: Sum salaries of Excellent performers in the North region | C26: ← Type your formula here | D26: ⭐⭐⭐ Hard
A27: ✦ IFS Functions
A28: Q13 | B28: Using IFS: Assign 'Band A' if Salary≥90k, 'Band B' if ≥70k, else 'Band C' | C28: ← Type your formula here | D28: ⭐⭐ Medium
A29: ✦ SWITCH Functions
A30: Q14 | B30: Using SWITCH: Map Department to short codes (HR→H, IT→I, Finance→F, Marketing→M) | C30: ← Type your formula here | D30: ⭐⭐ Medium
A31: ✦ CHOOSE Functions
A32: Q15 | B32: Map the numeric Performance Score (1=Excellent,2=Good,3=Average) to star ratings ⭐⭐⭐, ⭐⭐, ⭐ | C32: ← Type your formula here | D32: ⭐⭐⭐ Hard

Sheet 📌 Quick Reference
A1: 📌 Excel Logical Functions — Quick Reference Card
A2: Function | B2: Syntax | C2: Purpose | D2: Returns | E2: Since | F2: Example
A3: IF | B3: '=IF(test, TRUE(), FALSE()) | C3: Test one condition | D3: Any value | E3: Excel 97 | F3: '=IF(A1>0,"Pos","Neg")
A4: IFS | B4: '=ifs(T1,V1, T2,V2, ...) | C4: Test multiple conditions in order | D4: Any value | E4: 2019+ | F4: '=ifs(A1>90,"A",A1>80,"B","C")
A5: AND | B5: '=AND(cond1, cond2, ...) | C5: All conditions must be TRUE | D5: TRUE/FALSE | E5: Excel 97 | F5: '=AND(A1>0,B1<10)
A6: OR | B6: '=OR(cond1, cond2, ...) | C6: At least one must be TRUE | D6: TRUE/FALSE | E6: Excel 97 | F6: '=OR(A1="Yes",B1="Yes")
A7: NOT | B7: '=NOT(condition) | C7: Inverts TRUE↔FALSE | D7: TRUE/FALSE | E7: Excel 97 | F7: '=NOT(A1="No")
A8: IFERROR | B8: '=IFERROR(value, value_if_error) | C8: Catch any formula error | D8: Any value | E8: 2007+ | F8: '=IFERROR(A1/B1,0)
A9: IFNA | B9: '=ifna(value, value_if_na) | C9: Catch only #N/A errors | D9: Any value | E9: 2013+ | F9: '=ifna(VLOOKUP(A1,B:C,2,0),"NF")
A10: COUNTIF | B10: '=COUNTIF(range, criteria) | C10: Count matching cells | D10: Number | E10: Excel 97 | F10: '=COUNTIF(A:A,"IT")
A11: COUNTIFS | B11: '=COUNTIFS(RNG1,crit1,RNG2,crit2,...) | C11: Count with multiple conditions | D11: Number | E11: 2007+ | F11: '=COUNTIFS(A:A,"IT",B:B,">50k")
A12: SUMIF | B12: '=SUMIF(range, criteria, sum_range) | C12: Sum matching cells | D12: Number | E12: Excel 97 | F12: '=SUMIF(A:A,"IT",C:C)
A13: SUMIFS | B13: '=SUMIFS(sum_rng,RNG1,CR1,RNG2,CR2,...) | C13: Sum with multiple conditions | D13: Number | E13: 2007+ | F13: '=SUMIFS(C:C,A:A,"IT",B:B,"Yes")
... A18: TRUE/FALSE | B18: '=TRUE() / =FALSE() | C18: Return logical constant | D18: TRUE/FALSE | E18: Excel 97 | F18: '=IF(TRUE(),"Yes","No")
