Workbook

Sheet Employee Dataset
A1: Employee Dataset -- Reference table used across all lookup practice sheets
A2: This table contains 25 employee records. Each lookup sheet references this data. Column positions: A=Emp ID B=Name C=Dept D=Age E=Salary F=Yrs Exp G=Performance H=Region I=Gender J=Bonus% K=Projects L=Active
A3: Emp ID | B3: Name | C3: Department | D3: Age | E3: Salary | F3: Years Exp | G3: Performance | H3: Region | I3: Gender | J3: Bonus Pct | K3: Projects Done | L3: Active
A4: E001 | B4: Alice Johnson | C4: HR | D4: 34 | E4: 62000 | F4: 6 | G4: Excellent | H4: North | I4: F | J4: 12 | K4: 8 | L4: Yes
A5: E002 | B5: Bob Smith | C5: IT | D5: 28 | E5: 75000 | F5: 4 | G5: Good | H5: South | I5: M | J5: 10 | K5: 12 | L5: Yes
A6: E003 | B6: Carol White | C6: Finance | D6: 45 | E6: 90000 | F6: 18 | G6: Excellent | H6: East | I6: F | J6: 15 | K6: 20 | L6: Yes
A7: E004 | B7: David Brown | C7: IT | D7: 31 | E7: 71000 | F7: 7 | G7: Average | H7: West | I7: M | J7: 8 | K7: 9 | L7: Yes
A8: E005 | B8: Eva Green | C8: Marketing | D8: 26 | E8: 55000 | F8: 3 | G8: Good | H8: North | I8: F | J8: 10 | K8: 6 | L8: Yes
A9: E006 | B9: Frank Lee | C9: HR | D9: 52 | E9: 68000 | F9: 22 | G9: Average | H9: South | I9: M | J9: 8 | K9: 15 | L9: No
A10: E007 | B10: Grace Kim | C10: Finance | D10: 38 | E10: 95000 | F10: 14 | G10: Excellent | H10: East | I10: F | J10: 15 | K10: 22 | L10: Yes
A11: E008 | B11: Henry Davis | C11: IT | D11: 23 | E11: 58000 | F11: 1 | G11: Good | H11: West | I11: M | J11: 10 | K11: 5 | L11: Yes
A12: E009 | B12: Isla Martin | C12: Marketing | D12: 41 | E12: 72000 | F12: 12 | G12: Excellent | H12: North | I12: F | J12: 12 | K12: 18 | L12: Yes
A13: E010 | B13: Jack Wilson | C13: Finance | D13: 29 | E13: 80000 | F13: 5 | G13: Average | H13: South | I13: M | J13: 8 | K13: 10 | L13: Yes
A14: E011 | B14: Karen Taylor | C14: IT | D14: 36 | E14: 82000 | F14: 10 | G14: Good | H14: East | I14: F | J14: 10 | K14: 14 | L14: No
A15: E012 | B15: Liam Moore | C15: HR | D15: 48 | E15: 63000 | F15: 20 | G15: Average | H15: West | I15: M | J15: 8 | K15: 11 | L15: Yes
... A28: E025 | B28: Yara Hill | C28: IT | D28: 29 | E28: 73000 | F28: 4 | G28: Good | H28: North | I28: F | J28: 10 | K28: 8 | L28: Yes

Sheet VLOOKUP
A1: VLOOKUP -- Syntax: =VLOOKUP(lookup_value, table_array, col_index_num, [range_lookup])
A2: VLOOKUP searches the FIRST column of a table for a value and returns data from a column to the right. Use 0 or FALSE for exact match (most common). Use TRUE for approximate match (sorted data only). LIMITATION: Can only look right, not left.
A3: Emp ID | B3: Name (VLOOKUP) | C3: Dept (VLOOKUP) | D3: Salary (VLOOKUP) | E3: Performance | F3: Years Exp | G3: Active Status
A4: E001 | B4: Alice Johnson | C4: HR | D4: 62000 | E4: Excellent | F4: 6 | G4: Yes
A5: E002 | B5: Bob Smith | C5: IT | D5: 75000 | E5: Good | F5: 4 | G5: Yes
A6: E003 | B6: =VLOOKUP(A6,'Employee Dataset'!$A$3:$L$28,2) -> Carol White | C6: =VLOOKUP(A6,'Employee Dataset'!$A$3:$L$28,3) -> Finance | D6: =VLOOKUP(A6,'Employee Dataset'!$A$3:$L$28,5) -> 90000 | E6: =VLOOKUP(A6,'Employee Dataset'!$A$4:$L$28,7) -> Excellent | F6: =VLOOKUP(A6,'Employee Dataset'!$A$3:$L$28,6) -> 18 | G6: =VLOOKUP(A6,'Employee Dataset'!$A$3:$L$28,12) -> Yes
A7: E004 | B7: =VLOOKUP(A7,'Employee Dataset'!$A$3:$L$28,2) -> David Brown | C7: =VLOOKUP(A7,'Employee Dataset'!$A$3:$L$28,3) -> IT | D7: =VLOOKUP(A7,'Employee Dataset'!$A$3:$L$28,5) -> 71000 | E7: =VLOOKUP(A7,'Employee Dataset'!$A$4:$L$28,7) -> Average | F7: =VLOOKUP(A7,'Employee Dataset'!$A$3:$L$28,6) -> 7 | G7: =VLOOKUP(A7,'Employee Dataset'!$A$3:$L$28,12) -> Yes
A8: E005 | B8: =VLOOKUP(A8,'Employee Dataset'!$A$3:$L$28,2) -> Eva Green | C8: =VLOOKUP(A8,'Employee Dataset'!$A$3:$L$28,3) -> Marketing | D8: =VLOOKUP(A8,'Employee Dataset'!$A$3:$L$28,5) -> 55000 | E8: =VLOOKUP(A8,'Employee Dataset'!$A$4:$L$28,7) -> Good | F8: =VLOOKUP(A8,'Employee Dataset'!$A$3:$L$28,6) -> 3 | G8: =VLOOKUP(A8,'Employee Dataset'!$A$3:$L$28,12) -> Yes
A9: E006 | B9: =VLOOKUP(A9,'Employee Dataset'!$A$3:$L$28,2) -> Frank Lee | C9: =VLOOKUP(A9,'Employee Dataset'!$A$3:$L$28,3) -> HR | D9: =VLOOKUP(A9,'Employee Dataset'!$A$3:$L$28,5) -> 68000 | E9: =VLOOKUP(A9,'Employee Dataset'!$A$4:$L$28,7) -> Average | F9: =VLOOKUP(A9,'Employee Dataset'!$A$3:$L$28,6) -> 22 | G9: =VLOOKUP(A9,'Employee Dataset'!$A$3:$L$28,12) -> No
A10: E007 | B10: =VLOOKUP(A10,'Employee Dataset'!$A$3:$L$28,2) -> Grace Kim | C10: =VLOOKUP(A10,'Employee Dataset'!$A$3:$L$28,3) -> Finance | D10: =VLOOKUP(A10,'Employee Dataset'!$A$3:$L$28,5) -> 95000 | E10: =VLOOKUP(A10,'Employee Dataset'!$A$4:$L$28,7) -> Excellent | F10: =VLOOKUP(A10,'Employee Dataset'!$A$3:$L$28,6) -> 14 | G10: =VLOOKUP(A10,'Employee Dataset'!$A$3:$L$28,12) -> Yes
A11: E008 | B11: =VLOOKUP(A11,'Employee Dataset'!$A$3:$L$28,2) -> Henry Davis | C11: =VLOOKUP(A11,'Employee Dataset'!$A$3:$L$28,3) -> IT | D11: =VLOOKUP(A11,'Employee Dataset'!$A$3:$L$28,5) -> 58000 | E11: =VLOOKUP(A11,'Employee Dataset'!$A$4:$L$28,7) -> Good | F11: =VLOOKUP(A11,'Employee Dataset'!$A$3:$L$28,6) -> 1 | G11: =VLOOKUP(A11,'Employee Dataset'!$A$3:$L$28,12) -> Yes
A12: E009 | B12: =VLOOKUP(A12,'Employee Dataset'!$A$3:$L$28,2) -> Isla Martin | C12: =VLOOKUP(A12,'Employee Dataset'!$A$3:$L$28,3) -> Marketing | D12: =VLOOKUP(A12,'Employee Dataset'!$A$3:$L$28,5) -> 72000 | E12: =VLOOKUP(A12,'Employee Dataset'!$A$4:$L$28,7) -> Excellent | F12: =VLOOKUP(A12,'Employee Dataset'!$A$3:$L$28,6) -> 12 | G12: =VLOOKUP(A12,'Employee Dataset'!$A$3:$L$28,12) -> Yes
A13: E010 | B13: =VLOOKUP(A13,'Employee Dataset'!$A$3:$L$28,2) -> Jack Wilson | C13: =VLOOKUP(A13,'Employee Dataset'!$A$3:$L$28,3) -> Finance | D13: =VLOOKUP(A13,'Employee Dataset'!$A$3:$L$28,5) -> 80000 | E13: =VLOOKUP(A13,'Employee Dataset'!$A$4:$L$28,7) -> Average | F13: =VLOOKUP(A13,'Employee Dataset'!$A$3:$L$28,6) -> 5 | G13: =VLOOKUP(A13,'Employee Dataset'!$A$3:$L$28,12) -> Yes
A14: E011 | B14: =VLOOKUP(A14,'Employee Dataset'!$A$3:$L$28,2) -> Karen Taylor | C14: =VLOOKUP(A14,'Employee Dataset'!$A$3:$L$28,3) -> IT | D14: =VLOOKUP(A14,'Employee Dataset'!$A$3:$L$28,5) -> 82000 | E14: =VLOOKUP(A14,'Employee Dataset'!$A$4:$L$28,7) -> Good | F14: =VLOOKUP(A14,'Employee Dataset'!$A$3:$L$28,6) -> 10 | G14: =VLOOKUP(A14,'Employee Dataset'!$A$3:$L$28,12) -> No
A15: E012 | B15: =VLOOKUP(A15,'Employee Dataset'!$A$3:$L$28,2) -> Liam Moore | C15: =VLOOKUP(A15,'Employee Dataset'!$A$3:$L$28,3) -> HR | D15: =VLOOKUP(A15,'Employee Dataset'!$A$3:$L$28,5) -> 63000 | E15: =VLOOKUP(A15,'Employee Dataset'!$A$4:$L$28,7) -> Average | F15: =VLOOKUP(A15,'Employee Dataset'!$A$3:$L$28,6) -> 20 | G15: =VLOOKUP(A15,'Employee Dataset'!$A$3:$L$28,12) -> Yes
A16: E013 | B16: =VLOOKUP(A16,'Employee Dataset'!$A$3:$L$28,2) -> Mia Anderson | C16: =VLOOKUP(A16,'Employee Dataset'!$A$3:$L$28,3) -> Marketing | D16: =VLOOKUP(A16,'Employee Dataset'!$A$3:$L$28,5) -> 60000 | E16: =VLOOKUP(A16,'Employee Dataset'!$A$4:$L$28,7) -> Good | F16: =VLOOKUP(A16,'Employee Dataset'!$A$3:$L$28,6) -> 8 | G16: =VLOOKUP(A16,'Employee Dataset'!$A$3:$L$28,12) -> Yes
A17: E014 | B17: =VLOOKUP(A17,'Employee Dataset'!$A$3:$L$28,2) -> Noah Thomas | C17: =VLOOKUP(A17,'Employee Dataset'!$A$3:$L$28,3) -> Finance | D17: =VLOOKUP(A17,'Employee Dataset'!$A$3:$L$28,5) -> 105000 | E17: =VLOOKUP(A17,'Employee Dataset'!$A$4:$L$28,7) -> Excellent | F17: =VLOOKUP(A17,'Employee Dataset'!$A$3:$L$28,6) -> 28 | G17: =VLOOKUP(A17,'Employee Dataset'!$A$3:$L$28,12) -> Yes
... A28: E025 | B28: =VLOOKUP(A28,'Employee Dataset'!$A$3:$L$28,2) -> Yara Hill | C28: =VLOOKUP(A28,'Employee Dataset'!$A$3:$L$28,3) -> IT | D28: =VLOOKUP(A28,'Employee Dataset'!$A$3:$L$28,5) -> 73000 | E28: =VLOOKUP(A28,'Employee Dataset'!$A$4:$L$28,7) -> Good | F28: =VLOOKUP(A28,'Employee Dataset'!$A$3:$L$28,6) -> 4 | G28: =VLOOKUP(A28,'Employee Dataset'!$A$3:$L$28,12) -> Yes
A30: Formula Examples and Explanation
A31: VLOOKUP Common Errors and How to Avoid Them
A32: Error: col_index_num = 1 | D32: Returns the lookup column itself. Usually you want column 2 or higher.
A33: Error: range_lookup omitted | D33: Excel defaults to TRUE (approximate). Always explicitly write 0 for exact match.
A34: Error: lookup value not in first column | D34: VLOOKUP only searches column 1 of the table. Restructure data or use INDEX/MATCH instead.
A35: Error: table_array not locked with $ | D35: When copying formulas down, use absolute references: $A$4:$L$28 not A4:L28.

Sheet HLOOKUP
A1: HLOOKUP -- Syntax: =HLOOKUP(lookup_value, table_array, row_index_num, [range_lookup])
A2: HLOOKUP searches the FIRST ROW of a table and returns a value from a specified row below it. It is the horizontal equivalent of VLOOKUP. Best used when data is laid out in rows (wide format).
A3: Reference Table (horizontal layout) -- HLOOKUP searches Row 4 for department names
A4: Metric | B4: HR | C4: IT | D4: Finance | E4: Marketing
A5: Head Count | B5: =COUNTIF('Employee Dataset'!$C$4:$C$28,B4) -> 5 | C5: =COUNTIF('Employee Dataset'!$C$4:$C$28,C4) -> 8 | D5: =COUNTIF('Employee Dataset'!$C$4:$C$28,D4) -> 6 | E5: =COUNTIF('Employee Dataset'!$C$4:$C$28,E4) -> 6
A6: Total Salary | B6: =SUMIF('Employee Dataset'!$C$4:$C$28,B4,'Employee Dataset'!$E$4:$E$28) -> 324000 | C6: =SUMIF('Employee Dataset'!$C$4:$C$28,C4,'Employee Dataset'!$E$4:$E$28) -> 596000 | D6: =SUMIF('Employee Dataset'!$C$4:$C$28,D4,'Employee Dataset'!$E$4:$E$28) -> 533000 | E6: =SUMIF('Employee Dataset'!$C$4:$C$28,E4,'Employee Dataset'!$E$4:$E$28) -> 371000
A7: Avg Salary | B7: =IFERROR(AVERAGEIF('Employee Dataset'!$C$4:$C$28,B4,'Employee Dataset'!$E$4:$E$28),0) -> 64800 | C7: =IFERROR(AVERAGEIF('Employee Dataset'!$C$4:$C$28,C4,'Employee Dataset'!$E$4:$E$28),0) -> 74500 | D7: =IFERROR(AVERAGEIF('Employee Dataset'!$C$4:$C$28,D4,'Employee Dataset'!$E$4:$E$28),0) -> 88833.333 | E7: =IFERROR(AVERAGEIF('Employee Dataset'!$C$4:$C$28,E4,'Employee Dataset'!$E$4:$E$28),0) -> 61833.333
A8: Max Salary | B8: =MAX(IF('Employee Dataset'!$C$4:$C$28=B4,'Employee Dataset'!$E$4:$E$28)) -> 0 | C8: =MAX(IF('Employee Dataset'!$C$4:$C$28=C4,'Employee Dataset'!$E$4:$E$28)) -> 0 | D8: =MAX(IF('Employee Dataset'!$C$4:$C$28=D4,'Employee Dataset'!$E$4:$E$28)) -> 0 | E8: =MAX(IF('Employee Dataset'!$C$4:$C$28=E4,'Employee Dataset'!$E$4:$E$28)) -> 105000
A9: Avg Experience | B9: =IFERROR(AVERAGEIF('Employee Dataset'!$C$4:$C$28,B4,'Employee Dataset'!$F$4:$F$28),0) -> 14.6 | C9: =IFERROR(AVERAGEIF('Employee Dataset'!$C$4:$C$28,C4,'Employee Dataset'!$F$4:$F$28),0) -> 7.125 | D9: =IFERROR(AVERAGEIF('Employee Dataset'!$C$4:$C$28,D4,'Employee Dataset'!$F$4:$F$28),0) -> 12.5 | E9: =IFERROR(AVERAGEIF('Employee Dataset'!$C$4:$C$28,E4,'Employee Dataset'!$F$4:$F$28),0) -> 11.833333
A11: HLOOKUP Demo -- Retrieve a metric for a given department
A12: HLOOKUP searches Row 4 for the department name, then goes down to the specified row to return the value. Row 1 of the table = Row 4 on the sheet (Head Count). Row 2 = Row 5 (Total Salary), etc.
A13: Lookup Department | B13: Metric Row Number | C13: HLOOKUP Result | D13: Explanation | K13: Expected Values
A14: IT | B14: 2 | C14: =HLOOKUP(C4,A4:E9,2) -> 8 | D14: Finds IT in row 4, returns row 2 value (Head Count) from that column | K14: 8
A15: Finance | B15: 4 | C15: =HLOOKUP(TRIM(D4),A4:E9,4,FALSE) -> 88833.333 | D15: Finds Finance in row 4, returns row 4 value (Avg Salary) from that column | K15: 88833.333
A16: Marketing | B16: 5 | C16: =HLOOKUP(E4,A4:E9,5) -> 105000 | D16: Finds Marketing in row 4, returns row 5 value (Max Salary) from that column | K16: 105000
A17: HR | B17: 6 | C17: =HLOOKUP(TRIM(B4),A4:E9,6,FALSE) -> 14.6 | D17: Finds HR in row 4, returns row 6 value (Avg Experience) from that column | K17: 14.6

Sheet INDEX
A1: INDEX -- Syntax: =INDEX(array, row_num, [col_num])
A2: INDEX returns the value at a given row and column position within a range. Think of it as coordinate-based lookup. Row 1 Col 1 of the array = first data cell. INDEX alone is rarely used; it becomes powerful when combined with MATCH.
A3: Emp ID | B3: Row Num | C3: Col Num | D3: INDEX (array + row_num) | E3: INDEX Salary | F3: INDEX Department | G3: INDEX Performance | H3: INDEX (array + row_num + col_num)
A4: E001 | B4: 1 | C4: 2 | D4: Alice Johnson | E4: 62000 | F4: HR | G4: Excellent | H4: Alice Johnson
A5: E002 | B5: 2 | C5: 2 | D5: Bob Smith | E5: 75000 | F5: IT | G5: Good | H5: Bob Smith
A6: E003 | B6: 3 | C6: 2 | D6: =INDEX('Employee Dataset'!B4:B28,3) -> Carol White | E6: =INDEX('Employee Dataset'!E3:E28,4) -> 90000 | F6: =INDEX('Employee Dataset'!C3:C28,4) -> Finance | G6: =INDEX('Employee Dataset'!G3:G28,2) -> Excellent | H6: =INDEX(D6,0,0) -> Carol White
A7: E004 | B7: 4 | C7: 2 | D7: =INDEX('Employee Dataset'!B5:B29,3) -> David Brown | E7: =INDEX('Employee Dataset'!E4:E29,4) -> 71000 | F7: =INDEX('Employee Dataset'!C4:C29,4) -> IT | G7: =INDEX('Employee Dataset'!G4:G29,2) -> Good | H7: =INDEX(D7,0,0) -> David Brown | K7: {=INDEX('Employee Dataset'!A3:L28,0)} -> Emp ID | L7: Name | M7: Department | N7: Age | O7: Salary | P7: Years Exp | Q7: Performance | R7: Region | S7: Gender | T7: Bonus Pct | U7: Projects Done | V7: Active
A8: E005 | B8: 5 | C8: 2 | D8: =INDEX('Employee Dataset'!B6:B30,3) -> Eva Green | E8: =INDEX('Employee Dataset'!E5:E30,4) -> 55000 | F8: =INDEX('Employee Dataset'!C5:C30,4) -> Marketing | G8: =INDEX('Employee Dataset'!G5:G30,2) -> Excellent | H8: =INDEX(D8,0,0) -> Eva Green | K8: E001 | L8: Alice Johnson | M8: HR | N8: 34 | O8: 62000 | P8: 6 | Q8: Excellent | R8: North | S8: F | T8: 12 | U8: 8 | V8: Yes
A9: E006 | B9: 6 | C9: 2 | D9: =INDEX('Employee Dataset'!B7:B31,3) -> Frank Lee | E9: =INDEX('Employee Dataset'!E6:E31,4) -> 68000 | F9: =INDEX('Employee Dataset'!C6:C31,4) -> HR | G9: =INDEX('Employee Dataset'!G6:G31,2) -> Average | H9: =INDEX(D9,0,0) -> Frank Lee | K9: E002 | L9: Bob Smith | M9: IT | N9: 28 | O9: 75000 | P9: 4 | Q9: Good | R9: South | S9: M | T9: 10 | U9: 12 | V9: Yes
A10: E007 | B10: 7 | C10: 2 | D10: =INDEX('Employee Dataset'!B8:B32,3) -> Grace Kim | E10: =INDEX('Employee Dataset'!E7:E32,4) -> 95000 | F10: =INDEX('Employee Dataset'!C7:C32,4) -> Finance | G10: =INDEX('Employee Dataset'!G7:G32,2) -> Good | H10: =INDEX(D10,0,0) -> Grace Kim | K10: E003 | L10: Carol White | M10: Finance | N10: 45 | O10: 90000 | P10: 18 | Q10: Excellent | R10: East | S10: F | T10: 15 | U10: 20 | V10: Yes
A11: E008 | B11: 8 | C11: 2 | D11: =INDEX('Employee Dataset'!B9:B33,3) -> Henry Davis | E11: =INDEX('Employee Dataset'!E8:E33,4) -> 58000 | F11: =INDEX('Employee Dataset'!C8:C33,4) -> IT | G11: =INDEX('Employee Dataset'!G8:G33,2) -> Average | H11: =INDEX(D11,0,0) -> Henry Davis | K11: E004 | L11: David Brown | M11: IT | N11: 31 | O11: 71000 | P11: 7 | Q11: Average | R11: West | S11: M | T11: 8 | U11: 9 | V11: Yes
A12: E009 | B12: 9 | C12: 2 | D12: =INDEX('Employee Dataset'!B10:B34,3) -> Isla Martin | E12: =INDEX('Employee Dataset'!E9:E34,4) -> 72000 | F12: =INDEX('Employee Dataset'!C9:C34,4) -> Marketing | G12: =INDEX('Employee Dataset'!G9:G34,2) -> Excellent | H12: =INDEX(D12,0,0) -> Isla Martin | K12: E005 | L12: Eva Green | M12: Marketing | N12: 26 | O12: 55000 | P12: 3 | Q12: Good | R12: North | S12: F | T12: 10 | U12: 6 | V12: Yes
A13: E010 | B13: 10 | C13: 2 | D13: =INDEX('Employee Dataset'!B11:B35,3) -> Jack Wilson | E13: =INDEX('Employee Dataset'!E10:E35,4) -> 80000 | F13: =INDEX('Employee Dataset'!C10:C35,4) -> Finance | G13: =INDEX('Employee Dataset'!G10:G35,2) -> Good | H13: =INDEX(D13,0,0) -> Jack Wilson | K13: E006 | L13: Frank Lee | M13: HR | N13: 52 | O13: 68000 | P13: 22 | Q13: Average | R13: South | S13: M | T13: 8 | U13: 15 | V13: No
A14: E011 | B14: 11 | C14: 2 | D14: =INDEX('Employee Dataset'!B12:B36,3) -> Karen Taylor | E14: =INDEX('Employee Dataset'!E11:E36,4) -> 82000 | F14: =INDEX('Employee Dataset'!C11:C36,4) -> IT | G14: =INDEX('Employee Dataset'!G11:G36,2) -> Excellent | H14: =INDEX(D14,0,0) -> Karen Taylor | K14: E007 | L14: Grace Kim | M14: Finance | N14: 38 | O14: 95000 | P14: 14 | Q14: Excellent | R14: East | S14: F | T14: 15 | U14: 22 | V14: Yes
A15: E012 | B15: 12 | C15: 2 | D15: =INDEX('Employee Dataset'!B13:B37,3) -> Liam Moore | E15: =INDEX('Employee Dataset'!E12:E37,4) -> 63000 | F15: =INDEX('Employee Dataset'!C12:C37,4) -> HR | G15: =INDEX('Employee Dataset'!G12:G37,2) -> Average | H15: =INDEX(D15,0,0) -> Liam Moore | K15: E008 | L15: Henry Davis | M15: IT | N15: 23 | O15: 58000 | P15: 1 | Q15: Good | R15: West | S15: M | T15: 10 | U15: 5 | V15: Yes
A16: E013 | B16: 13 | C16: 2 | D16: =INDEX('Employee Dataset'!B14:B38,3) -> Mia Anderson | E16: =INDEX('Employee Dataset'!E13:E38,4) -> 60000 | F16: =INDEX('Employee Dataset'!C13:C38,4) -> Marketing | G16: =INDEX('Employee Dataset'!G13:G38,2) -> Good | H16: =INDEX(D16,0,0) -> Mia Anderson | K16: E009 | L16: Isla Martin | M16: Marketing | N16: 41 | O16: 72000 | P16: 12 | Q16: Excellent | R16: North | S16: F | T16: 12 | U16: 18 | V16: Yes
A17: E014 | B17: 14 | C17: 2 | D17: =INDEX('Employee Dataset'!B15:B39,3) -> Noah Thomas | E17: =INDEX('Employee Dataset'!E14:E39,4) -> 105000 | F17: =INDEX('Employee Dataset'!C14:C39,4) -> Finance | G17: =INDEX('Employee Dataset'!G14:G39,2) -> Average | H17: =INDEX(D17,0,0) -> Noah Thomas | K17: E010 | L17: Jack Wilson | M17: Finance | N17: 29 | O17: 80000 | P17: 5 | Q17: Average | R17: South | S17: M | T17: 8 | U17: 10 | V17: Yes
A18: E015 | B18: 15 | C18: 2 | D18: =INDEX('Employee Dataset'!B16:B40,3) -> Olivia Harris | E18: =INDEX('Employee Dataset'!E15:E40,4) -> 70000 | F18: =INDEX('Employee Dataset'!C15:C40,4) -> IT | G18: =INDEX('Employee Dataset'!G15:G40,2) -> Good | H18: =INDEX(D18,0,0) -> Olivia Harris | K18: E011 | L18: Karen Taylor | M18: IT | N18: 36 | O18: 82000 | P18: 10 | Q18: Good | R18: East | S18: F | T18: 10 | U18: 14 | V18: No
A19: E016 | B19: 16 | C19: 2 | D19: =INDEX('Employee Dataset'!B17:B41,3) -> Peter Clark | E19: =INDEX('Employee Dataset'!E16:E41,4) -> 67000 | F19: =INDEX('Employee Dataset'!C16:C41,4) -> HR | G19: =INDEX('Employee Dataset'!G16:G41,2) -> Excellent | H19: =INDEX(D19,0,0) -> Peter Clark | K19: E012 | L19: Liam Moore | M19: HR | N19: 48 | O19: 63000 | P19: 20 | Q19: Average | R19: West | S19: M | T19: 8 | U19: 11 | V19: Yes
... A28: E025 | B28: 25 | C28: 2 | D28: =INDEX('Employee Dataset'!B26:B50,3) -> Yara Hill | E28: =INDEX('Employee Dataset'!E25:E50,4) -> 73000 | F28: =INDEX('Employee Dataset'!C25:C50,4) -> IT | G28: =INDEX('Employee Dataset'!G25:G50,2) -> Excellent | H28: =INDEX(D28,0,0) -> Yara Hill | K28: E021 | L28: Uma Scott | M28: HR | N28: 35 | O28: 64000 | P28: 9 | Q28: Excellent | R28: North | S28: F | T28: 12 | U28: 10 | V28: Yes
K29: E022 | L29: Victor King | M29: IT | N29: 43 | O29: 79000 | P29: 15 | Q29: Good | R29: South | S29: M | T29: 10 | U29: 16 | V29: Yes
A30: INDEX Concepts and Key Points | K30: E023 | L30: Wendy Wright | M30: Finance | N30: 32 | O30: 87000 | P30: 8 | Q30: Excellent | R30: East | S30: F | T30: 15 | U30: 14 | V30: Yes
A31: INDEX(array, row, col) | C31: row and col are POSITIONS within the array, not sheet row/column numbers. First row of the array = position 1. | K31: E024 | L31: Xander Lopez | M31: Marketing | N31: 46 | O31: 61000 | P31: 18 | Q31: Average | R31: West | S31: M | T31: 8 | U31: 12 | V31: No
A32: INDEX with entire column | C32: '=INDEX(A:A, 5) returns the 5th cell in column a. useful inside other formulas. | K32: E025 | L32: Yara Hill | M32: IT | N32: 29 | O32: 73000 | P32: 4 | Q32: Good | R32: North | S32: F | T32: 10 | U32: 8 | V32: Yes
A33: INDEX with entire row | C33: '=INDEX(4:4, 3) returns the 3rd cell in row 4 works for horizontal data.
A34: INDEX returns a reference | C34: Unlike VLOOKUP which returns a value, INDEX returns a cell reference. This makes it usable as the array argument of another INDEX.

Sheet MATCH
A1: MATCH -- Syntax: =MATCH(lookup_value, lookup_array, [match_type])
A2: MATCH returns the POSITION (row or column number) of a value in a range. It does NOT return the value itself. match_type: 0 = exact, 1 = less than (ascending), -1 = greater than (descending). Combine with INDEX for two-way lookups.
A3: Emp ID | B3: Name | C3: Dept | D3: MATCH: ID Position | E3: MATCH: Name Position
A4: E001 | B4: Alice Johnson | C4: HR | D4: 1 | E4: 1
A5: E002 | B5: Bob Smith | C5: IT | D5: 2 | E5: 2
A6: E003 | B6: Carol White | C6: Finance | D6: =MATCH(A6,'Employee Dataset'!$A$4:$A$28,0) -> 3 | E6: =MATCH(B6,'Employee Dataset'!$B$4:$B$28,0) -> 3
A7: E004 | B7: David Brown | C7: IT | D7: =MATCH(A7,'Employee Dataset'!$A$4:$A$28,0) -> 4 | E7: =MATCH(B7,'Employee Dataset'!$B$4:$B$28,0) -> 4
A8: E005 | B8: Eva Green | C8: Marketing | D8: =MATCH(A8,'Employee Dataset'!$A$4:$A$28,0) -> 5 | E8: =MATCH(B8,'Employee Dataset'!$B$4:$B$28,0) -> 5
A9: E006 | B9: Frank Lee | C9: HR | D9: =MATCH(A9,'Employee Dataset'!$A$4:$A$28,0) -> 6 | E9: =MATCH(B9,'Employee Dataset'!$B$4:$B$28,0) -> 6
A10: E007 | B10: Grace Kim | C10: Finance | D10: =MATCH(A10,'Employee Dataset'!$A$4:$A$28,0) -> 7 | E10: =MATCH(B10,'Employee Dataset'!$B$4:$B$28,0) -> 7
A11: E008 | B11: Henry Davis | C11: IT | D11: =MATCH(A11,'Employee Dataset'!$A$4:$A$28,0) -> 8 | E11: =MATCH(B11,'Employee Dataset'!$B$4:$B$28,0) -> 8
A12: E009 | B12: Isla Martin | C12: Marketing | D12: =MATCH(A12,'Employee Dataset'!$A$4:$A$28,0) -> 9 | E12: =MATCH(B12,'Employee Dataset'!$B$4:$B$28,0) -> 9
A13: E010 | B13: Jack Wilson | C13: Finance | D13: =MATCH(A13,'Employee Dataset'!$A$4:$A$28,0) -> 10 | E13: =MATCH(B13,'Employee Dataset'!$B$4:$B$28,0) -> 10
A14: E011 | B14: Karen Taylor | C14: IT | D14: =MATCH(A14,'Employee Dataset'!$A$4:$A$28,0) -> 11 | E14: =MATCH(B14,'Employee Dataset'!$B$4:$B$28,0) -> 11
A15: E012 | B15: Liam Moore | C15: HR | D15: =MATCH(A15,'Employee Dataset'!$A$4:$A$28,0) -> 12 | E15: =MATCH(B15,'Employee Dataset'!$B$4:$B$28,0) -> 12
A16: E013 | B16: Mia Anderson | C16: Marketing | D16: =MATCH(A16,'Employee Dataset'!$A$4:$A$28,0) -> 13 | E16: =MATCH(B16,'Employee Dataset'!$B$4:$B$28,0) -> 13
A17: E014 | B17: Noah Thomas | C17: Finance | D17: =MATCH(A17,'Employee Dataset'!$A$4:$A$28,0) -> 14 | E17: =MATCH(B17,'Employee Dataset'!$B$4:$B$28,0) -> 14
... A28: E025 | B28: Yara Hill | C28: IT | D28: =MATCH(A28,'Employee Dataset'!$A$4:$A$28,0) -> 25 | E28: =MATCH(B28,'Employee Dataset'!$B$4:$B$28,0) -> 25
A30: MATCH match_type Reference
A31: match_type | B31: Behaviour
A32: 0 (Exact Match) | B32: Returns position of the exact value. Most commonly used. Array does not need to be sorted.
A33: 1 (Less Than or Equal) | B33: Returns position of the largest value less than or equal to lookup_value. Array must be sorted ASCENDING.
A34: -1 (Greater Than or Equal) | B34: Returns position of the smallest value greater than or equal to lookup_value. Array must be sorted DESCENDING.

Sheet INDEX MATCH
A1: INDEX + MATCH -- The most flexible lookup combination in Excel
A2: INDEX MATCH overcomes all VLOOKUP limitations: (1) Can look LEFT (2) Not affected by inserting/deleting columns (3) Supports two-way lookup (4) Faster on large datasets. Pattern: =INDEX(return_range, MATCH(lookup_value, lookup_range, 0))
A3: Emp ID | B3: Name (INDEX MATCH) | C3: Dept (lookup left) | D3: Salary | E3: Performance | F3: Region | G3: Two-Way Lookup
A4: E001 | B4: Alice Johnson | C4: HR | D4: 62000 | E4: Excellent | F4: North | G4: 62000
A5: E002 | B5: Bob Smith | C5: IT | D5: 75000 | E5: Good | F5: South | G5: 75000
A6: E003 | B6: {=INDEX('Employee Dataset'!A3:L28,MATCH('Employee Dataset'!A6,'Employee Dataset'!A3:A28,0),MATCH('Employee Dataset'!B3,'Employee Dataset'!A3:L3,0))} -> Carol White | C6: {=INDEX('Employee Dataset'!A3:L28,MATCH('Employee Dataset'!A6,'Employee Dataset'!A3:A28,0),MATCH('Employee Dataset'!C3,'Employee Dataset'!A3:L3,0))} -> Finance | D6: {=INDEX('Employee Dataset'!A3:L28,MATCH('Employee Dataset'!A6,'Employee Dataset'!A3:A28,0),MATCH('Employee Dataset'!E3,'Employee Dataset'!A3:L3,0))} -> 90000 | E6: {=INDEX('Employee Dataset'!A3:L28,MATCH('Employee Dataset'!A6,'Employee Dataset'!A3:A28,0),MATCH('Employee Dataset'!G3,'Employee Dataset'!A3:L3,0))} -> Excellent | F6: {=INDEX('Employee Dataset'!A3:L28,MATCH(A6,'Employee Dataset'!A3:A28,0),MATCH('Employee Dataset'!H3,'Employee Dataset'!A3:L3,0))} -> East | G6: {=INDEX($D$3:$D$28,MATCH(D6,$D$3:$D$28,0))} -> 90000
A7: E004 | B7: {=INDEX('Employee Dataset'!A4:L29,MATCH('Employee Dataset'!A7,'Employee Dataset'!A4:A29,0),MATCH('Employee Dataset'!B4,'Employee Dataset'!A4:L4,0))} -> David Brown | C7: {=INDEX('Employee Dataset'!A4:L29,MATCH('Employee Dataset'!A7,'Employee Dataset'!A4:A29,0),MATCH('Employee Dataset'!C4,'Employee Dataset'!A4:L4,0))} -> IT | D7: {=INDEX('Employee Dataset'!A4:L29,MATCH('Employee Dataset'!A7,'Employee Dataset'!A4:A29,0),MATCH('Employee Dataset'!E4,'Employee Dataset'!A4:L4,0))} -> 71000 | E7: {=INDEX('Employee Dataset'!A4:L29,MATCH('Employee Dataset'!A7,'Employee Dataset'!A4:A29,0),MATCH('Employee Dataset'!G4,'Employee Dataset'!A4:L4,0))} -> Average | F7: {=INDEX('Employee Dataset'!A4:L29,MATCH(A7,'Employee Dataset'!A4:A29,0),MATCH('Employee Dataset'!H4,'Employee Dataset'!A4:L4,0))} -> West | G7: {=INDEX($D$3:$D$28,MATCH(D7,$D$3:$D$28,0))} -> 71000
A8: E005 | B8: {=INDEX('Employee Dataset'!A5:L30,MATCH('Employee Dataset'!A8,'Employee Dataset'!A5:A30,0),MATCH('Employee Dataset'!B5,'Employee Dataset'!A5:L5,0))} -> Eva Green | C8: {=INDEX('Employee Dataset'!A5:L30,MATCH('Employee Dataset'!A8,'Employee Dataset'!A5:A30,0),MATCH('Employee Dataset'!C5,'Employee Dataset'!A5:L5,0))} -> Marketing | D8: {=INDEX('Employee Dataset'!A5:L30,MATCH('Employee Dataset'!A8,'Employee Dataset'!A5:A30,0),MATCH('Employee Dataset'!E5,'Employee Dataset'!A5:L5,0))} -> 55000 | E8: {=INDEX('Employee Dataset'!A5:L30,MATCH('Employee Dataset'!A8,'Employee Dataset'!A5:A30,0),MATCH('Employee Dataset'!G5,'Employee Dataset'!A5:L5,0))} -> Good | F8: {=INDEX('Employee Dataset'!A5:L30,MATCH(A8,'Employee Dataset'!A5:A30,0),MATCH('Employee Dataset'!H5,'Employee Dataset'!A5:L5,0))} -> North | G8: {=INDEX($D$3:$D$28,MATCH(D8,$D$3:$D$28,0))} -> 55000
A9: E006 | B9: {=INDEX('Employee Dataset'!A6:L31,MATCH('Employee Dataset'!A9,'Employee Dataset'!A6:A31,0),MATCH('Employee Dataset'!B6,'Employee Dataset'!A6:L6,0))} -> Frank Lee | C9: {=INDEX('Employee Dataset'!A6:L31,MATCH('Employee Dataset'!A9,'Employee Dataset'!A6:A31,0),MATCH('Employee Dataset'!C6,'Employee Dataset'!A6:L6,0))} -> HR | D9: {=INDEX('Employee Dataset'!A6:L31,MATCH('Employee Dataset'!A9,'Employee Dataset'!A6:A31,0),MATCH('Employee Dataset'!E6,'Employee Dataset'!A6:L6,0))} -> 68000 | E9: {=INDEX('Employee Dataset'!A6:L31,MATCH('Employee Dataset'!A9,'Employee Dataset'!A6:A31,0),MATCH('Employee Dataset'!G6,'Employee Dataset'!A6:L6,0))} -> Average | F9: {=INDEX('Employee Dataset'!A6:L31,MATCH(A9,'Employee Dataset'!A6:A31,0),MATCH('Employee Dataset'!H6,'Employee Dataset'!A6:L6,0))} -> South | G9: {=INDEX($D$3:$D$28,MATCH(D9,$D$3:$D$28,0))} -> 68000
A10: E007 | B10: {=INDEX('Employee Dataset'!A7:L32,MATCH('Employee Dataset'!A10,'Employee Dataset'!A7:A32,0),MATCH('Employee Dataset'!B7,'Employee Dataset'!A7:L7,0))} -> Grace Kim | C10: {=INDEX('Employee Dataset'!A7:L32,MATCH('Employee Dataset'!A10,'Employee Dataset'!A7:A32,0),MATCH('Employee Dataset'!C7,'Employee Dataset'!A7:L7,0))} -> Finance | D10: {=INDEX('Employee Dataset'!A7:L32,MATCH('Employee Dataset'!A10,'Employee Dataset'!A7:A32,0),MATCH('Employee Dataset'!E7,'Employee Dataset'!A7:L7,0))} -> 95000 | E10: {=INDEX('Employee Dataset'!A7:L32,MATCH('Employee Dataset'!A10,'Employee Dataset'!A7:A32,0),MATCH('Employee Dataset'!G7,'Employee Dataset'!A7:L7,0))} -> Excellent | F10: {=INDEX('Employee Dataset'!A7:L32,MATCH(A10,'Employee Dataset'!A7:A32,0),MATCH('Employee Dataset'!H7,'Employee Dataset'!A7:L7,0))} -> East | G10: {=INDEX($D$3:$D$28,MATCH(D10,$D$3:$D$28,0))} -> 95000
A11: E008 | B11: {=INDEX('Employee Dataset'!A8:L33,MATCH('Employee Dataset'!A11,'Employee Dataset'!A8:A33,0),MATCH('Employee Dataset'!B8,'Employee Dataset'!A8:L8,0))} -> Henry Davis | C11: {=INDEX('Employee Dataset'!A8:L33,MATCH('Employee Dataset'!A11,'Employee Dataset'!A8:A33,0),MATCH('Employee Dataset'!C8,'Employee Dataset'!A8:L8,0))} -> IT | D11: {=INDEX('Employee Dataset'!A8:L33,MATCH('Employee Dataset'!A11,'Employee Dataset'!A8:A33,0),MATCH('Employee Dataset'!E8,'Employee Dataset'!A8:L8,0))} -> 58000 | E11: {=INDEX('Employee Dataset'!A8:L33,MATCH('Employee Dataset'!A11,'Employee Dataset'!A8:A33,0),MATCH('Employee Dataset'!G8,'Employee Dataset'!A8:L8,0))} -> Good | F11: {=INDEX('Employee Dataset'!A8:L33,MATCH(A11,'Employee Dataset'!A8:A33,0),MATCH('Employee Dataset'!H8,'Employee Dataset'!A8:L8,0))} -> West | G11: {=INDEX($D$3:$D$28,MATCH(D11,$D$3:$D$28,0))} -> 58000
A12: E009 | B12: {=INDEX('Employee Dataset'!A9:L34,MATCH('Employee Dataset'!A12,'Employee Dataset'!A9:A34,0),MATCH('Employee Dataset'!B9,'Employee Dataset'!A9:L9,0))} -> Isla Martin | C12: {=INDEX('Employee Dataset'!A9:L34,MATCH('Employee Dataset'!A12,'Employee Dataset'!A9:A34,0),MATCH('Employee Dataset'!C9,'Employee Dataset'!A9:L9,0))} -> Marketing | D12: {=INDEX('Employee Dataset'!A9:L34,MATCH('Employee Dataset'!A12,'Employee Dataset'!A9:A34,0),MATCH('Employee Dataset'!E9,'Employee Dataset'!A9:L9,0))} -> 72000 | E12: {=INDEX('Employee Dataset'!A9:L34,MATCH('Employee Dataset'!A12,'Employee Dataset'!A9:A34,0),MATCH('Employee Dataset'!G9,'Employee Dataset'!A9:L9,0))} -> Excellent | F12: {=INDEX('Employee Dataset'!A9:L34,MATCH(A12,'Employee Dataset'!A9:A34,0),MATCH('Employee Dataset'!H9,'Employee Dataset'!A9:L9,0))} -> North | G12: {=INDEX($D$3:$D$28,MATCH(D12,$D$3:$D$28,0))} -> 72000
A13: E010 | B13: {=INDEX('Employee Dataset'!A10:L35,MATCH('Employee Dataset'!A13,'Employee Dataset'!A10:A35,0),MATCH('Employee Dataset'!B10,'Employee Dataset'!A10:L10,0))} -> Jack Wilson | C13: {=INDEX('Employee Dataset'!A10:L35,MATCH('Employee Dataset'!A13,'Employee Dataset'!A10:A35,0),MATCH('Employee Dataset'!C10,'Employee Dataset'!A10:L10,0))} -> Finance | D13: {=INDEX('Employee Dataset'!A10:L35,MATCH('Employee Dataset'!A13,'Employee Dataset'!A10:A35,0),MATCH('Employee Dataset'!E10,'Employee Dataset'!A10:L10,0))} -> 80000 | E13: {=INDEX('Employee Dataset'!A10:L35,MATCH('Employee Dataset'!A13,'Employee Dataset'!A10:A35,0),MATCH('Employee Dataset'!G10,'Employee Dataset'!A10:L10,0))} -> Average | F13: {=INDEX('Employee Dataset'!A10:L35,MATCH(A13,'Employee Dataset'!A10:A35,0),MATCH('Employee Dataset'!H10,'Employee Dataset'!A10:L10,0))} -> South | G13: {=INDEX($D$3:$D$28,MATCH(D13,$D$3:$D$28,0))} -> 80000
A14: E011 | B14: {=INDEX('Employee Dataset'!A11:L36,MATCH('Employee Dataset'!A14,'Employee Dataset'!A11:A36,0),MATCH('Employee Dataset'!B11,'Employee Dataset'!A11:L11,0))} -> Karen Taylor | C14: {=INDEX('Employee Dataset'!A11:L36,MATCH('Employee Dataset'!A14,'Employee Dataset'!A11:A36,0),MATCH('Employee Dataset'!C11,'Employee Dataset'!A11:L11,0))} -> IT | D14: {=INDEX('Employee Dataset'!A11:L36,MATCH('Employee Dataset'!A14,'Employee Dataset'!A11:A36,0),MATCH('Employee Dataset'!E11,'Employee Dataset'!A11:L11,0))} -> 82000 | E14: {=INDEX('Employee Dataset'!A11:L36,MATCH('Employee Dataset'!A14,'Employee Dataset'!A11:A36,0),MATCH('Employee Dataset'!G11,'Employee Dataset'!A11:L11,0))} -> Good | F14: {=INDEX('Employee Dataset'!A11:L36,MATCH(A14,'Employee Dataset'!A11:A36,0),MATCH('Employee Dataset'!H11,'Employee Dataset'!A11:L11,0))} -> East | G14: {=INDEX($D$3:$D$28,MATCH(D14,$D$3:$D$28,0))} -> 82000
A15: E012 | B15: {=INDEX('Employee Dataset'!A12:L37,MATCH('Employee Dataset'!A15,'Employee Dataset'!A12:A37,0),MATCH('Employee Dataset'!B12,'Employee Dataset'!A12:L12,0))} -> Liam Moore | C15: {=INDEX('Employee Dataset'!A12:L37,MATCH('Employee Dataset'!A15,'Employee Dataset'!A12:A37,0),MATCH('Employee Dataset'!C12,'Employee Dataset'!A12:L12,0))} -> HR | D15: {=INDEX('Employee Dataset'!A12:L37,MATCH('Employee Dataset'!A15,'Employee Dataset'!A12:A37,0),MATCH('Employee Dataset'!E12,'Employee Dataset'!A12:L12,0))} -> 63000 | E15: {=INDEX('Employee Dataset'!A12:L37,MATCH('Employee Dataset'!A15,'Employee Dataset'!A12:A37,0),MATCH('Employee Dataset'!G12,'Employee Dataset'!A12:L12,0))} -> Average | F15: {=INDEX('Employee Dataset'!A12:L37,MATCH(A15,'Employee Dataset'!A12:A37,0),MATCH('Employee Dataset'!H12,'Employee Dataset'!A12:L12,0))} -> West | G15: {=INDEX($D$3:$D$28,MATCH(D15,$D$3:$D$28,0))} -> 63000
A16: E013 | B16: {=INDEX('Employee Dataset'!A13:L38,MATCH('Employee Dataset'!A16,'Employee Dataset'!A13:A38,0),MATCH('Employee Dataset'!B13,'Employee Dataset'!A13:L13,0))} -> Mia Anderson | C16: {=INDEX('Employee Dataset'!A13:L38,MATCH('Employee Dataset'!A16,'Employee Dataset'!A13:A38,0),MATCH('Employee Dataset'!C13,'Employee Dataset'!A13:L13,0))} -> Marketing | D16: {=INDEX('Employee Dataset'!A13:L38,MATCH('Employee Dataset'!A16,'Employee Dataset'!A13:A38,0),MATCH('Employee Dataset'!E13,'Employee Dataset'!A13:L13,0))} -> 60000 | E16: {=INDEX('Employee Dataset'!A13:L38,MATCH('Employee Dataset'!A16,'Employee Dataset'!A13:A38,0),MATCH('Employee Dataset'!G13,'Employee Dataset'!A13:L13,0))} -> Good | F16: {=INDEX('Employee Dataset'!A13:L38,MATCH(A16,'Employee Dataset'!A13:A38,0),MATCH('Employee Dataset'!H13,'Employee Dataset'!A13:L13,0))} -> North | G16: {=INDEX($D$3:$D$28,MATCH(D16,$D$3:$D$28,0))} -> 60000
A17: E014 | B17: {=INDEX('Employee Dataset'!A14:L39,MATCH('Employee Dataset'!A17,'Employee Dataset'!A14:A39,0),MATCH('Employee Dataset'!B14,'Employee Dataset'!A14:L14,0))} -> Noah Thomas | C17: {=INDEX('Employee Dataset'!A14:L39,MATCH('Employee Dataset'!A17,'Employee Dataset'!A14:A39,0),MATCH('Employee Dataset'!C14,'Employee Dataset'!A14:L14,0))} -> Finance | D17: {=INDEX('Employee Dataset'!A14:L39,MATCH('Employee Dataset'!A17,'Employee Dataset'!A14:A39,0),MATCH('Employee Dataset'!E14,'Employee Dataset'!A14:L14,0))} -> 105000 | E17: {=INDEX('Employee Dataset'!A14:L39,MATCH('Employee Dataset'!A17,'Employee Dataset'!A14:A39,0),MATCH('Employee Dataset'!G14,'Employee Dataset'!A14:L14,0))} -> Excellent | F17: {=INDEX('Employee Dataset'!A14:L39,MATCH(A17,'Employee Dataset'!A14:A39,0),MATCH('Employee Dataset'!H14,'Employee Dataset'!A14:L14,0))} -> South | G17: {=INDEX($D$3:$D$28,MATCH(D17,$D$3:$D$28,0))} -> 105000
... A27: E024 | B27: {=INDEX('Employee Dataset'!A24:L49,MATCH('Employee Dataset'!A27,'Employee Dataset'!A24:A49,0),MATCH('Employee Dataset'!B24,'Employee Dataset'!A24:L24,0))} -> Xander Lopez | C27: {=INDEX('Employee Dataset'!A24:L49,MATCH('Employee Dataset'!A27,'Employee Dataset'!A24:A49,0),MATCH('Employee Dataset'!C24,'Employee Dataset'!A24:L24,0))} -> Marketing | D27: {=INDEX('Employee Dataset'!A24:L49,MATCH('Employee Dataset'!A27,'Employee Dataset'!A24:A49,0),MATCH('Employee Dataset'!E24,'Employee Dataset'!A24:L24,0))} -> 61000 | E27: {=INDEX('Employee Dataset'!A24:L49,MATCH('Employee Dataset'!A27,'Employee Dataset'!A24:A49,0),MATCH('Employee Dataset'!G24,'Employee Dataset'!A24:L24,0))} -> Average | F27: {=INDEX('Employee Dataset'!A24:L49,MATCH(A27,'Employee Dataset'!A24:A49,0),MATCH('Employee Dataset'!H24,'Employee Dataset'!A24:L24,0))} -> West | G27: {=INDEX($D$3:$D$28,MATCH(D27,$D$3:$D$28,0))} -> 61000
A28: E025 | B28: {=INDEX('Employee Dataset'!A25:L50,MATCH('Employee Dataset'!A28,'Employee Dataset'!A25:A50,0),MATCH('Employee Dataset'!B25,'Employee Dataset'!A25:L25,0))} -> Yara Hill | C28: {=INDEX('Employee Dataset'!A3:L28,MATCH('Employee Dataset'!A28,'Employee Dataset'!A3:A28,0),MATCH('Employee Dataset'!C3,'Employee Dataset'!A3:L3,0))} -> IT | D28: {=INDEX('Employee Dataset'!A3:L28,MATCH('Employee Dataset'!A28,'Employee Dataset'!A3:A28,0),MATCH('Employee Dataset'!E3,'Employee Dataset'!A3:L3,0))} -> 73000 | E28: {=INDEX('Employee Dataset'!A3:L28,MATCH('Employee Dataset'!A28,'Employee Dataset'!A3:A28,0),MATCH('Employee Dataset'!G3,'Employee Dataset'!A3:L3,0))} -> Good | F28: {=INDEX('Employee Dataset'!A3:L28,MATCH('Employee Dataset'!A28,'Employee Dataset'!A3:A28,0),MATCH('Employee Dataset'!H3,'Employee Dataset'!A3:L3,0))} -> North | G28: {=INDEX($D$3:$D$28,MATCH(D28,$D$3:$D$28,0))} -> 73000
A30: INDEX MATCH vs VLOOKUP -- Head to Head Comparison
A31: Feature | C31: VLOOKUP | E31: INDEX MATCH
A32: Look direction | C32: Right only | E32: Any direction (left, right, up, down)
A33: Column reference | C33: Hard-coded number (col 3, col 5) | E33: Uses column name via MATCH -- dynamic
A34: Insert/Delete col | C34: Breaks if columns shift | E34: Unaffected because uses range references
A35: Two-way lookup | C35: Not natively supported | E35: Fully supported with nested MATCH calls
A36: Performance | C36: Slower on very large datasets | E36: Faster because MATCH can use binary search
A37: Ease of use | C37: Simpler to write and read | E37: More verbose but far more powerful

Sheet XLOOKUP
A1: XLOOKUP -- Syntax: =XLOOKUP(lookup_value, lookup_array, return_array, [not_found], [match_mode], [search_mode])
A2: XLOOKUP (Excel 365/2021+) replaces both VLOOKUP and HLOOKUP. NOTE: This sheet shows the XLOOKUP equivalent written as INDEX MATCH so it works in all Excel versions. In Excel 365, replace INDEX(range,MATCH(...)) with XLOOKUP(id,id_col,return_col,"Not Found").
A3: Emp ID | B3: Name (XLOOKUP) | C3: Dept | D3: Salary | E3: Performance | F3: Region | G3: Status + Error Handling
A4: E001 | B4: Alice Johnson | C4: HR | D4: 62000 | E4: Excellent | F4: North | G4: Yes
A5: E002 | B5: Bob Smith | C5: IT | D5: 75000 | E5: Good | F5: South | G5: Yes
A6: E003 | B6: {=_xlfn.XLOOKUP('Employee Dataset'!A6:A28,'Employee Dataset'!$A$6:$A$28,'Employee Dataset'!$B$6:$B$28,0)} -> Carol White | C6: {=_xlfn.XLOOKUP('Employee Dataset'!B6:B28,'Employee Dataset'!$B$6:$B$28,'Employee Dataset'!$C$6:$C$28,0)} -> Finance | D6: {=_xlfn.XLOOKUP('Employee Dataset'!A6:A28,'Employee Dataset'!A6:A28,'Employee Dataset'!E6:E28)} -> 90000 | E6: {=_xlfn.XLOOKUP('Employee Dataset'!A6:A28,'Employee Dataset'!A6:A28,'Employee Dataset'!G6:G28)} -> Excellent | F6: {=_xlfn.XLOOKUP('Employee Dataset'!A6:A28,'Employee Dataset'!A6:A28,'Employee Dataset'!H6:H28)} -> East | G6: {=_xlfn.XLOOKUP('Employee Dataset'!A6:A28,'Employee Dataset'!A6:A28,'Employee Dataset'!L6:L28)} -> Yes
A7: E004 | B7: David Brown | C7: IT | D7: 71000 | E7: Average | F7: West | G7: Yes
A8: E005 | B8: Eva Green | C8: Marketing | D8: 55000 | E8: Good | F8: North | G8: Yes
A9: E006 | B9: Frank Lee | C9: HR | D9: 68000 | E9: Average | F9: South | G9: No
A10: E007 | B10: Grace Kim | C10: Finance | D10: 95000 | E10: Excellent | F10: East | G10: Yes
A11: E008 | B11: Henry Davis | C11: IT | D11: 58000 | E11: Good | F11: West | G11: Yes
A12: E009 | B12: Isla Martin | C12: Marketing | D12: 72000 | E12: Excellent | F12: North | G12: Yes
A13: E010 | B13: Jack Wilson | C13: Finance | D13: 80000 | E13: Average | F13: South | G13: Yes
A14: E011 | B14: Karen Taylor | C14: IT | D14: 82000 | E14: Good | F14: East | G14: No
A15: E012 | B15: Liam Moore | C15: HR | D15: 63000 | E15: Average | F15: West | G15: Yes
A16: E013 | B16: Mia Anderson | C16: Marketing | D16: 60000 | E16: Good | F16: North | G16: Yes
A17: E014 | B17: Noah Thomas | C17: Finance | D17: 105000 | E17: Excellent | F17: South | G17: Yes
A18: E015 | B18: Olivia Harris | C18: IT | D18: 70000 | E18: Excellent | F18: East | G18: Yes
... A28: E025 | B28: Yara Hill | C28: IT | D28: 73000 | E28: Good | F28: North | G28: Yes
A30: XLOOKUP Parameters Reference
A31: Parameter | B31: Position | C31: Details
A32: [not_found] | B32: 4th arg | C32: Text to return when no match found. E.g. "Not Found". Replaces need for IFERROR.
A33: [match_mode] | B33: 5th arg | C33: 0=Exact (default) 1=Next larger -1=Next smaller 2=Wildcard match
A34: [search_mode] | B34: 6th arg | C34: 1=First to last (default) -1=Last to first 2=Binary asc -2=Binary desc

Sheet LOOKUP
A1: LOOKUP -- Legacy function. Vector form: =LOOKUP(lookup_value, lookup_vector, result_vector)
A2: LOOKUP is an older function that works on sorted data using binary search. If no exact match is found it returns the next smaller value (like MATCH with type 1). The lookup vector MUST be sorted in ascending order. Prefer XLOOKUP or INDEX MATCH for new work; LOOKUP is included here for legacy file understanding.
A3: Salary Bracket Table (must be sorted ascending for LOOKUP)
A4: Min Salary | B4: Band Label | C4: --- | D4: --- | E4: ---
A5: 50000 | B5: Entry Level
A6: 60000 | B6: Junior
A7: 70000 | B7: Mid Level
A8: 80000 | B8: Senior
A9: 90000 | B9: Principal
A10: 100000 | B10: Executive
A12: LOOKUP Demo -- Classify employees by salary band
A13: Emp ID | B13: Name | C13: Salary | D13: LOOKUP Band | E13: IFERROR + LOOKUP
A14: E001 | B14: =INDEX('Employee Dataset'!$B$4:$B$28,MATCH(A14,'Employee Dataset'!$A$4:$A$28,0)) -> Alice Johnson | C14: =INDEX('Employee Dataset'!$E$4:$E$28,MATCH(A14,'Employee Dataset'!$A$4:$A$28,0)) -> 62000 | D14: Junior | E14: Junior
A15: E002 | B15: =INDEX('Employee Dataset'!$B$4:$B$28,MATCH(A15,'Employee Dataset'!$A$4:$A$28,0)) -> Bob Smith | C15: =INDEX('Employee Dataset'!$E$4:$E$28,MATCH(A15,'Employee Dataset'!$A$4:$A$28,0)) -> 75000 | D15: Mid Level | E15: Mid Level
A16: E003 | B16: =INDEX('Employee Dataset'!$B$4:$B$28,MATCH(A16,'Employee Dataset'!$A$4:$A$28,0)) -> Carol White | C16: =INDEX('Employee Dataset'!$E$4:$E$28,MATCH(A16,'Employee Dataset'!$A$4:$A$28,0)) -> 90000 | D16: {=LOOKUP(C16:C38,A5:A10,B5:B10)} -> Principal | E16: {=IFERROR(LOOKUP(C16:C38,A5:A10,B5:B10),"NA")} -> Principal
A17: E004 | B17: =INDEX('Employee Dataset'!$B$4:$B$28,MATCH(A17,'Employee Dataset'!$A$4:$A$28,0)) -> David Brown | C17: =INDEX('Employee Dataset'!$E$4:$E$28,MATCH(A17,'Employee Dataset'!$A$4:$A$28,0)) -> 71000 | D17: Mid Level | E17: Mid Level
A18: E005 | B18: =INDEX('Employee Dataset'!$B$4:$B$28,MATCH(A18,'Employee Dataset'!$A$4:$A$28,0)) -> Eva Green | C18: =INDEX('Employee Dataset'!$E$4:$E$28,MATCH(A18,'Employee Dataset'!$A$4:$A$28,0)) -> 55000 | D18: Entry Level | E18: Entry Level
A19: E006 | B19: =INDEX('Employee Dataset'!$B$4:$B$28,MATCH(A19,'Employee Dataset'!$A$4:$A$28,0)) -> Frank Lee | C19: =INDEX('Employee Dataset'!$E$4:$E$28,MATCH(A19,'Employee Dataset'!$A$4:$A$28,0)) -> 68000 | D19: Junior | E19: Junior
A20: E007 | B20: =INDEX('Employee Dataset'!$B$4:$B$28,MATCH(A20,'Employee Dataset'!$A$4:$A$28,0)) -> Grace Kim | C20: =INDEX('Employee Dataset'!$E$4:$E$28,MATCH(A20,'Employee Dataset'!$A$4:$A$28,0)) -> 95000 | D20: Principal | E20: Principal
A21: E008 | B21: =INDEX('Employee Dataset'!$B$4:$B$28,MATCH(A21,'Employee Dataset'!$A$4:$A$28,0)) -> Henry Davis | C21: =INDEX('Employee Dataset'!$E$4:$E$28,MATCH(A21,'Employee Dataset'!$A$4:$A$28,0)) -> 58000 | D21: Entry Level | E21: Entry Level
A22: E009 | B22: =INDEX('Employee Dataset'!$B$4:$B$28,MATCH(A22,'Employee Dataset'!$A$4:$A$28,0)) -> Isla Martin | C22: =INDEX('Employee Dataset'!$E$4:$E$28,MATCH(A22,'Employee Dataset'!$A$4:$A$28,0)) -> 72000 | D22: Mid Level | E22: Mid Level
A23: E010 | B23: =INDEX('Employee Dataset'!$B$4:$B$28,MATCH(A23,'Employee Dataset'!$A$4:$A$28,0)) -> Jack Wilson | C23: =INDEX('Employee Dataset'!$E$4:$E$28,MATCH(A23,'Employee Dataset'!$A$4:$A$28,0)) -> 80000 | D23: Senior | E23: Senior
A24: E011 | B24: =INDEX('Employee Dataset'!$B$4:$B$28,MATCH(A24,'Employee Dataset'!$A$4:$A$28,0)) -> Karen Taylor | C24: =INDEX('Employee Dataset'!$E$4:$E$28,MATCH(A24,'Employee Dataset'!$A$4:$A$28,0)) -> 82000 | D24: Senior | E24: Senior
A25: E012 | B25: =INDEX('Employee Dataset'!$B$4:$B$28,MATCH(A25,'Employee Dataset'!$A$4:$A$28,0)) -> Liam Moore | C25: =INDEX('Employee Dataset'!$E$4:$E$28,MATCH(A25,'Employee Dataset'!$A$4:$A$28,0)) -> 63000 | D25: Junior | E25: Junior
A26: E013 | B26: =INDEX('Employee Dataset'!$B$4:$B$28,MATCH(A26,'Employee Dataset'!$A$4:$A$28,0)) -> Mia Anderson | C26: =INDEX('Employee Dataset'!$E$4:$E$28,MATCH(A26,'Employee Dataset'!$A$4:$A$28,0)) -> 60000 | D26: Junior | E26: Junior
A27: E014 | B27: =INDEX('Employee Dataset'!$B$4:$B$28,MATCH(A27,'Employee Dataset'!$A$4:$A$28,0)) -> Noah Thomas | C27: =INDEX('Employee Dataset'!$E$4:$E$28,MATCH(A27,'Employee Dataset'!$A$4:$A$28,0)) -> 105000 | D27: Executive | E27: Executive
A28: E015 | B28: =INDEX('Employee Dataset'!$B$4:$B$28,MATCH(A28,'Employee Dataset'!$A$4:$A$28,0)) -> Olivia Harris | C28: =INDEX('Employee Dataset'!$E$4:$E$28,MATCH(A28,'Employee Dataset'!$A$4:$A$28,0)) -> 70000 | D28: Mid Level | E28: Mid Level
... A38: E025 | B38: =INDEX('Employee Dataset'!$B$4:$B$28,MATCH(A38,'Employee Dataset'!$A$4:$A$28,0)) -> Yara Hill | C38: =INDEX('Employee Dataset'!$E$4:$E$28,MATCH(A38,'Employee Dataset'!$A$4:$A$28,0)) -> 73000 | D38: Mid Level | E38: Mid Level

Sheet Practice Exercises
A1: Practice Exercises -- Type your formula in the yellow cells
A2: All formulas should reference 'Employee Dataset' sheet. The dataset columns are: A=Emp ID B=Name C=Dept D=Age E=Salary F=Yrs Exp G=Performance H=Region I=Gender J=Bonus% K=Projects L=Active (rows 4 to 28)
A4: VLOOKUP Functions
A5: Q1 | B5: Use VLOOKUP to find the Salary of employee E007 | C5: =VLOOKUP('Employee Dataset'!A10,'Employee Dataset'!A3:L28,5) | D5: Easy
A6: Q2 | B6: Use VLOOKUP to find the Department of employee E015 | C6: =VLOOKUP('Employee Dataset'!A18,'Employee Dataset'!A3:L28,3) | D6: Easy
A7: Q3 | B7: Use VLOOKUP to find the Active status of E006 -- wrap in IFERROR to show 'Not Found' if missing | C7: =IFERROR(VLOOKUP('Employee Dataset'!A9,'Employee Dataset'!A3:L28,12),"Not Found") | D7: Medium
A8: HLOOKUP Functions
A9: Q4 | B9: Build a 1-row header: put HR, IT, Finance, Marketing in cells B1:E1. Then use HLOOKUP to find which column contains IT | C9: =HLOOKUP("IT",E9:H9,1,FALSE) | D9: Medium | E9: HR | F9: IT | G9: Finance | H9: Marketing
A10: INDEX Functions | E10: 2 | F10: 3 | G10: 4 | H10: 5
A11: Q5 | B11: Use INDEX to return the value in row 5, column 2 of the Employee Dataset (A4:L28) | C11: =INDEX(INDEX!E3:E28,3) | D11: Easy
A12: Q6 | B12: Use INDEX to return the Salary (column 5) of the 10th employee in the dataset | C12: =INDEX('Employee Dataset'!E3:E28,11,) | D12: Easy
A13: MATCH Functions
A14: Q7 | B14: Use MATCH to find the row position of employee E012 in the Emp ID column | C14: =MATCH('Employee Dataset'!A15,'Employee Dataset'!A3:A28,0) | D14: Easy
A15: Q8 | B15: Use MATCH to find the row position of 'Noah Thomas' in the Name column | C15: =MATCH('Employee Dataset'!B17,'Employee Dataset'!B3:B28,0) | D15: Easy
A16: INDEX MATCH Functions
A17: Q9 | B17: Use INDEX MATCH to find the Salary of employee E018 (look up by Emp ID) | C17: =INDEX('Employee Dataset'!A3:L28,MATCH('Employee Dataset'!A21,'Employee Dataset'!A3:A28,0),MATCH('Employee Dataset'!E3,'Employee Dataset'!A3:L3,0)) | D17: Medium
A18: Q10 | B18: Use INDEX MATCH to find the Region of 'Grace Kim' (look up by Name -- note: Name col is B, Region col is H) | C18: =INDEX('Employee Dataset'!A3:L28,MATCH('Employee Dataset'!B10,'Employee Dataset'!B3:B28,0),MATCH('Employee Dataset'!H3,'Employee Dataset'!A3:L3,0)) | D18: Medium
A19: Q11 | B19: Reverse lookup: you know the name 'Ryan Walker' -- find his Emp ID using INDEX MATCH | C19: =INDEX('Employee Dataset'!A3:L28,MATCH('Employee Dataset'!B21,'Employee Dataset'!B3:B28,0),MATCH('Employee Dataset'!A3,'Employee Dataset'!A3:L3,0)) | D19: Medium
A20: XLOOKUP Functions
A21: Q12 | B21: Use XLOOKUP to find the Bonus Pct (col J) of employee E003 -- show 'Not Found' if missing | C21: =IFERROR(XLOOKUP('Employee Dataset'!A6,'Employee Dataset'!A3:A28,'Employee Dataset'!J3:J28,,0),"Not Found") | D21: Medium
A22: Q13 | B22: Use XLOOKUP to find the Projects Done (col K) for employee E022 | C22: =XLOOKUP('Employee Dataset'!A25,'Employee Dataset'!A3:A28,'Employee Dataset'!K3:K28,0) | D22: Medium
A23: Advanced Functions
A24: Q14 | B24: Two-way lookup: Build a dept x metric table and return the Avg Salary for IT using INDEX MATCH MATCH | C24: =INDEX('Employee Dataset'!A3:L28,MATCH() | D24: Hard
A25: Q15 | B25: Multi-criteria: Find the Name of the first employee who is in Finance AND has Excellent performance | C25: Type your formula here | D25: Hard

Sheet Quick Reference
A1: Lookup Functions -- Quick Reference Card
A2: Use this sheet as a cheat sheet. Green rows = modern recommended functions. Orange rows = useful but limited. Red rows = legacy / avoid for new work.
A3: Function | B3: Syntax | C3: Purpose | D3: Version | E3: Best For | F3: Limitation
A4: VLOOKUP | B4: '=VLOOKUP(lookup_value, table_array, col_index, [range_lookup]) | C4: Search first column, return value from specified column to the right | D4: Excel 97+ | E4: Quick column lookups when table structure is fixed | F4: Only looks right; breaks when columns are inserted/deleted
A5: HLOOKUP | B5: '=HLOOKUP(lookup_value, table_array, row_index, [range_lookup]) | C5: Search first row, return value from specified row below | D5: Excel 97+ | E5: Horizontal/wide tables where data is in rows | F5: Only looks down; rarely used in modern work
A6: INDEX | B6: '=INDEX(array, row_num, [col_num]) | C6: Return value at given row and column position in a range | D6: Excel 97+ | E6: Building block for advanced lookups; rarely used alone | F6: Requires row/col number; combine with MATCH for power
A7: MATCH | B7: '=MATCH(lookup_value, lookup_array, [match_type]) | C7: Return the position (number) of a value within a range | D7: Excel 97+ | E7: Finding row/column positions; always combined with INDEX | F7: Returns position, not value; use INDEX to get the value
A8: INDEX + MATCH | B8: '=INDEX(return_range, MATCH(lookup_value, lookup_range, 0)) | C8: Flexible two-step lookup: find position with MATCH then retrieve value with INDEX | D8: Excel 97+ | E8: All scenarios; replaces VLOOKUP entirely; left lookups; two-way lookups | F8: More verbose to write; harder to read for beginners
A9: XLOOKUP | B9: '=xlookup(lookup_value, lookup_array, return_array, [not_found], [match_mode], [search_mode]) | C9: Modern all-in-one lookup replacing VLOOKUP and HLOOKUP | D9: Excel 365 / 2021+ | E9: All lookup scenarios in modern Excel; cleanest syntax | F9: Not available in Excel 2019 or earlier
A10: LOOKUP | B10: '=LOOKUP(lookup_value, lookup_vector, result_vector) | C10: Find value in sorted range and return corresponding value | D10: Excel 97+ | E10: Understanding legacy workbooks only | F10: Requires sorted data; unpredictable if not sorted; superseded
A11: MATCH (type 1) | B11: '=MATCH(lookup_value, sorted_range, 1) | C11: Find largest value less than or equal to lookup in ascending sorted range | D11: Excel 97+ | E11: Grade/bracket tables; tax bands; salary ranges | F11: Data MUST be sorted ascending; returns wrong result if not
A12: INDEX MATCH MATCH | B12: '=INDEX(data, MATCH(row_val, row_headers, 0), MATCH(col_val, col_headers, 0)) | C12: Two-way lookup matching both a row and a column header | D12: Excel 97+ | E12: Pivot-style lookups; finding intersection of row and column | F12: Requires well-structured table with clear row and column headers
A13: Multi-Criteria INDEX MATCH | B13: '=INDEX(return, MATCH(1,(range1=VAL1)*(range2=VAL2),0)) | C13: Lookup matching two or more conditions simultaneously | D13: Excel 97+ | E13: When no single unique key exists; filter by dept AND performance etc. | F13: Returns only first match; array formula in older Excel (Ctrl+Shift+Enter)
A15: Colour Legend
B16: Green -- Modern, recommended, use these for new work
B17: Orange -- Useful but limited; understand constraints before using
B18: Red -- Legacy; included for understanding old files; avoid in new work
